<?xml version="1.0" encoding="UTF-8"?>
<PeakList modified="2017-02-02T17:56:05">
  <PeakList1D>
    <PeakList1DHeader creator="liermann" date="2017-02-02T17:56:04" expNo="2" name="caripyrin_1314534-36-5" owner="" procNo="1" source="//ocnmr1/admin/JGU-NMR/Lehre/interessant">
      <PeakPickDetails>F1=237.429306ppm, F2=-12.957894ppm, MI=1.91cm, MAXI=1000.00cm, PC=0.000
      </PeakPickDetails>
    </PeakList1DHeader>
    <Peak1D F1="165.4828" intensity="17.19" type="0"/>
    <Peak1D F1="147.7247" intensity="51.49" type="0"/>
    <Peak1D F1="147.4491" intensity="21.58" type="0"/>
    <Peak1D F1="137.4722" intensity="23.54" type="0"/>
    <Peak1D F1="133.7554" intensity="39.28" type="0"/>
    <Peak1D F1="124.9687" intensity="42.30" type="0"/>
    <Peak1D F1="77.2884" annotation="CDCl3" intensity="191.23" type="5"/>
    <Peak1D F1="77.0766" annotation="CDCl3" intensity="200.00" type="5"/>
    <Peak1D F1="76.8642" annotation="CDCl3" intensity="198.74" type="5"/>
    <Peak1D F1="59.7682" intensity="45.95" type="0"/>
    <Peak1D F1="56.8713" intensity="47.80" type="0"/>
    <Peak1D F1="52.9982" intensity="43.50" type="0"/>
    <Peak1D F1="17.8547" intensity="52.12" type="0"/>
  </PeakList1D>
</PeakList>
