<?xml version="1.0" encoding="UTF-8"?>
<PeakList modified="2017-01-25T11:14:11">
  <PeakList2D>
    <PeakList2DHeader creator="liermann@OCNMR99" date="2017-01-25T11:14:11" expNo="4" name="(+)-pulegon_89-82-7" owner="liermann" procNo="1" source="//ocnmr1.chemie.uni-mainz.de/admin/JGU-NMR/Lehre/chemikalienlager">
      <PeakPickDetails># F2 peak picking range ( ppm )
# 2 F1P=12.688099861145, 2 F2P=-0.6637081018305189
# F1 peak picking range ( ppm )
# 1 F1P=12.688099861145, 1 F2P=-0.6637081018305189
# MI=0.001 (= 2886924.112), MAXI=1.0 (= 2.886924112E9)
# PEAK RESOL.=1, INTERPOL. TYPE=PARABOLIC, DIAG. GAP=9, MAX. # PEAKS=2147483647
</PeakPickDetails>
    </PeakList2DHeader>
    <Peak2D F1="2.9642" F2="1.7637" intensity="2993467.91" type="0"/>
    <Peak2D F1="0.7284" F2="1.0049" intensity="3068354.27" type="0"/>
    <Peak2D F1="2.3738" F2="2.7049" intensity="3069400.74" type="0"/>
    <Peak2D F1="1.8368" F2="2.0455" intensity="3169316.88" type="0"/>
    <Peak2D F1="1.0434" F2="2.5023" intensity="3170357.37" type="0"/>
    <Peak2D F1="2.4119" F2="2.1912" intensity="3191536.89" type="0"/>
    <Peak2D F1="2.9643" F2="1.7972" intensity="3198665.27" type="0"/>
    <Peak2D F1="2.1869" F2="2.4035" intensity="3226360.14" type="0"/>
    <Peak2D F1="1.9857" F2="0.9008" intensity="3306015.15" type="0"/>
    <Peak2D F1="1.0822" F2="2.0051" intensity="3312047.21" type="0"/>
    <Peak2D F1="2.4868" F2="1.8562" intensity="3447938.85" type="0"/>
    <Peak2D F1="2.2184" F2="1.8990" intensity="3532355.70" type="0"/>
    <Peak2D F1="1.2132" F2="1.0060" intensity="3543795.85" type="0"/>
    <Peak2D F1="2.1216" F2="1.6442" intensity="3580633.96" type="0"/>
    <Peak2D F1="2.6085" F2="2.1133" intensity="3653587.00" type="0"/>
    <Peak2D F1="1.8636" F2="2.0352" intensity="3674909.87" type="0"/>
    <Peak2D F1="2.1403" F2="1.9980" intensity="3730019.53" type="0"/>
    <Peak2D F1="2.5971" F2="2.7242" intensity="3868208.05" type="0"/>
    <Peak2D F1="1.4082" F2="2.7044" intensity="3918455.98" type="0"/>
    <Peak2D F1="1.6010" F2="0.9497" intensity="3945733.31" type="0"/>
    <Peak2D F1="2.1525" F2="2.7014" intensity="3964952.19" type="0"/>
    <Peak2D F1="1.8093" F2="2.0410" intensity="4140254.88" type="0"/>
    <Peak2D F1="0.7686" F2="1.0049" intensity="4148019.75" type="0"/>
    <Peak2D F1="1.7792" F2="2.9628" intensity="4155083.55" type="0"/>
    <Peak2D F1="1.7601" F2="4.9416" intensity="4252013.54" type="0"/>
    <Peak2D F1="2.0465" F2="1.8123" intensity="4349920.45" type="0"/>
    <Peak2D F1="1.9920" F2="2.5555" intensity="4350589.52" type="0"/>
    <Peak2D F1="1.2674" F2="2.2307" intensity="4481684.82" type="0"/>
    <Peak2D F1="1.7963" F2="2.0604" intensity="4623967.19" type="0"/>
    <Peak2D F1="4.9342" F2="1.7524" intensity="4667447.75" type="0"/>
    <Peak2D F1="2.1320" F2="0.9926" intensity="4693909.81" type="0"/>
    <Peak2D F1="2.3467" F2="2.7131" intensity="4713314.49" type="0"/>
    <Peak2D F1="3.3665" F2="1.0076" intensity="4745398.19" type="0"/>
    <Peak2D F1="2.1531" F2="2.7263" intensity="4745560.92" type="0"/>
    <Peak2D F1="2.0606" F2="2.9724" intensity="4949438.47" type="0"/>
    <Peak2D F1="1.8529" F2="1.0057" intensity="5115147.78" type="0"/>
    <Peak2D F1="1.4263" F2="1.9351" intensity="5474064.79" type="0"/>
    <Peak2D F1="2.4047" F2="1.9961" intensity="5510553.16" type="0"/>
    <Peak2D F1="2.1145" F2="1.9711" intensity="5525144.84" type="0"/>
    <Peak2D F1="2.7476" F2="1.9741" intensity="5605063.54" type="0"/>
    <Peak2D F1="1.8158" F2="1.2923" intensity="5644748.79" type="0"/>
    <Peak2D F1="1.1609" F2="1.0062" intensity="6073112.37" type="0"/>
    <Peak2D F1="0.8227" F2="1.0053" intensity="6074054.56" type="0"/>
    <Peak2D F1="2.1122" F2="2.5034" intensity="6287570.61" type="0"/>
    <Peak2D F1="2.6966" F2="1.7779" intensity="7183518.62" type="0"/>
    <Peak2D F1="2.0575" F2="2.4179" intensity="7474893.23" type="0"/>
    <Peak2D F1="2.5780" F2="2.0237" intensity="7493404.08" type="0"/>
    <Peak2D F1="1.8897" F2="1.0383" intensity="7793209.78" type="0"/>
    <Peak2D F1="1.3923" F2="2.2686" intensity="8266024.65" type="0"/>
    <Peak2D F1="1.9399" F2="1.0440" intensity="8274590.92" type="0"/>
    <Peak2D F1="2.5714" F2="1.9963" intensity="8299644.89" type="0"/>
    <Peak2D F1="2.4230" F2="2.0764" intensity="9317692.42" type="0"/>
    <Peak2D F1="2.1803" F2="2.7035" intensity="9921498.53" type="0"/>
    <Peak2D F1="1.3328" F2="1.9471" intensity="9924886.02" type="0"/>
    <Peak2D F1="2.4315" F2="1.9993" intensity="11132649.73" type="0"/>
    <Peak2D F1="1.9242" F2="1.3467" intensity="11272513.79" type="0"/>
    <Peak2D F1="1.8838" F2="1.0058" intensity="11289298.72" type="0"/>
    <Peak2D F1="2.0713" F2="1.0045" intensity="11429002.05" type="0"/>
    <Peak2D F1="2.4833" F2="1.9615" intensity="12766032.06" type="0"/>
    <Peak2D F1="1.9203" F2="1.3188" intensity="13119330.96" type="0"/>
    <Peak2D F1="0.8728" F2="1.0051" intensity="13277464.67" type="0"/>
    <Peak2D F1="1.9154" F2="2.4883" intensity="13373416.06" type="0"/>
    <Peak2D F1="2.5025" F2="1.0042" intensity="13492369.65" type="0"/>
    <Peak2D F1="1.8123" F2="2.2525" intensity="14225942.62" type="0"/>
    <Peak2D F1="1.3939" F2="1.8677" intensity="14988542.08" type="0"/>
    <Peak2D F1="1.8223" F2="2.2301" intensity="15875656.72" type="0"/>
    <Peak2D F1="1.8538" F2="2.4873" intensity="16017365.51" type="0"/>
    <Peak2D F1="1.8746" F2="2.5030" intensity="16275091.46" type="0"/>
    <Peak2D F1="1.7941" F2="1.9749" intensity="16366227.66" type="0"/>
    <Peak2D F1="1.9164" F2="1.3690" intensity="16474499.26" type="0"/>
    <Peak2D F1="1.3324" F2="2.0025" intensity="17495967.87" type="0"/>
    <Peak2D F1="2.6917" F2="1.9782" intensity="17635957.72" type="0"/>
    <Peak2D F1="2.3171" F2="2.7061" intensity="17651683.91" type="0"/>
    <Peak2D F1="2.2658" F2="1.7780" intensity="20917678.74" type="0"/>
    <Peak2D F1="1.0032" F2="2.0348" intensity="22189513.54" type="0"/>
    <Peak2D F1="1.9741" F2="1.7782" intensity="23085277.25" type="0"/>
    <Peak2D F1="2.2442" F2="1.3694" intensity="28478175.16" type="0"/>
    <Peak2D F1="1.3062" F2="2.2345" intensity="28802307.63" type="0"/>
    <Peak2D F1="1.8943" F2="2.7001" intensity="29205889.72" type="0"/>
    <Peak2D F1="2.2739" F2="1.2921" intensity="32024230.64" type="0"/>
    <Peak2D F1="1.8403" F2="2.7291" intensity="32115671.53" type="0"/>
    <Peak2D F1="2.2314" F2="1.3179" intensity="33186831.64" type="0"/>
    <Peak2D F1="1.9792" F2="1.3570" intensity="33496819.87" type="0"/>
    <Peak2D F1="2.0480" F2="1.0050" intensity="34820266.62" type="0"/>
    <Peak2D F1="1.9380" F2="2.2516" intensity="38405303.53" type="0"/>
    <Peak2D F1="1.9105" F2="1.0051" intensity="40822339.24" type="0"/>
    <Peak2D F1="2.2673" F2="1.3344" intensity="42343168.20" type="0"/>
    <Peak2D F1="1.9753" F2="1.3319" intensity="48874000.04" type="0"/>
    <Peak2D F1="2.7375" F2="1.3232" intensity="52057910.91" type="0"/>
    <Peak2D F1="2.2504" F2="1.9791" intensity="52461802.23" type="0"/>
    <Peak2D F1="2.6866" F2="1.3357" intensity="53524489.30" type="0"/>
    <Peak2D F1="2.2653" F2="1.8830" intensity="54006243.18" type="0"/>
    <Peak2D F1="2.2263" F2="1.8545" intensity="54721755.59" type="0"/>
    <Peak2D F1="1.3053" F2="2.2711" intensity="55634411.48" type="0"/>
    <Peak2D F1="2.6975" F2="1.8774" intensity="58686167.53" type="0"/>
    <Peak2D F1="1.8816" F2="2.2547" intensity="59561929.19" type="0"/>
    <Peak2D F1="1.3540" F2="2.6998" intensity="65541761.68" type="0"/>
    <Peak2D F1="1.3155" F2="2.7279" intensity="70131265.82" type="0"/>
    <Peak2D F1="1.3435" F2="2.2569" intensity="71154004.24" type="0"/>
    <Peak2D F1="1.8702" F2="1.2932" intensity="90812024.57" type="0"/>
    <Peak2D F1="1.8635" F2="1.3677" intensity="98485885.31" type="0"/>
    <Peak2D F1="1.0061" F2="1.9700" intensity="98725754.11" type="0"/>
    <Peak2D F1="1.3082" F2="1.8670" intensity="122974226.09" type="0"/>
    <Peak2D F1="1.8653" F2="1.3347" intensity="132784931.82" type="0"/>
    <Peak2D F1="1.3520" F2="1.8690" intensity="136111673.54" type="0"/>
    <Peak2D F1="2.7183" F2="2.2287" intensity="160106533.84" type="0"/>
    <Peak2D F1="1.0036" F2="2.0056" intensity="162639909.14" type="0"/>
    <Peak2D F1="2.7120" F2="2.2817" intensity="191174882.34" type="0"/>
    <Peak2D F1="2.2629" F2="2.7147" intensity="196201302.50" type="0"/>
    <Peak2D F1="2.2296" F2="2.7044" intensity="208220486.72" type="0"/>
    <Peak2D F1="2.4979" F2="2.0438" intensity="274731711.72" type="0"/>
    <Peak2D F1="2.0238" F2="2.5031" intensity="323372281.97" type="0"/>
    <Peak2D F1="1.9537" F2="1.0051" intensity="376551170.91" type="0"/>
    <Peak2D F1="2.0006" F2="1.0048" intensity="447467914.09" type="0"/>
    <Peak2D F1="2.4905" F2="1.9966" intensity="458457975.50" type="0"/>
    <Peak2D F1="2.4929" F2="2.0233" intensity="501730946.59" type="0"/>
  </PeakList2D>
</PeakList>
