<?xml version="1.0" encoding="UTF-8"?>
<PeakList>
  <PeakList1D>
    <PeakList1DHeader creator="nmrsu" date="2021-08-07T16:32:34.037+02:00" expNo="52" name="CS-Ese" owner="" procNo="1" source="/home/nmrsu/nmrdata/data/AG_X/nmr">
      <PeakPickDetails>F1=256.180389ppm, F2=-26.180302ppm, MI=0.00cm, MAXI=10000.00cm, PC=1.400
      </PeakPickDetails>
    </PeakList1DHeader>
    <Peak1D F1="137.520798" intensity="3.705583e-01" type="0"/>
    <Peak1D F1="120.443985" intensity="1.046016e+01" type="0"/>
    <Peak1D F1="116.191994" intensity="1.292783e+01" type="0"/>
    <Peak1D F1="106.542374" intensity="1.211653e+01" type="0"/>
    <Peak1D F1="98.048622" intensity="1.500000e+01" type="0"/>
    <Peak1D F1="77.299782" intensity="2.447675e-01" type="0"/>
    <Peak1D F1="53.192326" intensity="-1.533072e+00" type="0"/>
    <Peak1D F1="52.591679" intensity="3.009890e-01" type="0"/>
    <Peak1D F1="40.817776" intensity="-1.034214e+00" type="0"/>
    <Peak1D F1="38.409500" intensity="6.721757e-01" type="0"/>
    <Peak1D F1="37.054939" intensity="-9.226969e-01" type="0"/>
    <Peak1D F1="27.716875" intensity="-1.001351e+00" type="0"/>
    <Peak1D F1="27.301662" intensity="5.815893e-01" type="0"/>
  </PeakList1D>
</PeakList>
