<?xml version="1.0" encoding="UTF-8"?>
<PeakList>
  <PeakList1D>
    <PeakList1DHeader creator="nmrsu" date="2021-08-08T21:37:50.547+02:00" expNo="62" name="CS-Ese" owner="" procNo="1" source="/home/nmrsu/nmrdata/data/AG_X/nmr">
      <PeakPickDetails>F1=256.180389ppm, F2=-26.180302ppm, MI=0.00cm, MAXI=10000.00cm, PC=1.400
      </PeakPickDetails>
    </PeakList1DHeader>
    <Peak1D F1="156.251785" intensity="-1.016033e+00" type="0"/>
    <Peak1D F1="149.559631" intensity="-1.030679e+00" type="0"/>
    <Peak1D F1="143.084045" intensity="-1.213349e+00" type="0"/>
    <Peak1D F1="137.520706" intensity="-2.135952e+00" type="0"/>
    <Peak1D F1="120.443260" intensity="5.923538e+00" type="0"/>
    <Peak1D F1="116.190536" intensity="6.990780e+00" type="0"/>
    <Peak1D F1="106.541367" intensity="6.815846e+00" type="0"/>
    <Peak1D F1="98.052727" intensity="8.535863e+00" type="0"/>
    <Peak1D F1="77.415131" intensity="-2.842638e+00" type="0"/>
    <Peak1D F1="77.096893" intensity="-3.014996e+00" type="0"/>
    <Peak1D F1="76.778793" intensity="-3.009348e+00" type="0"/>
    <Peak1D F1="53.192509" intensity="-1.389014e+01" type="0"/>
    <Peak1D F1="52.591862" intensity="-2.357772e+00" type="0"/>
    <Peak1D F1="45.319599" intensity="-1.611614e-01" type="0"/>
    <Peak1D F1="40.817322" intensity="-8.586838e+00" type="0"/>
    <Peak1D F1="38.409534" intensity="1.332503e+01" type="0"/>
    <Peak1D F1="37.053169" intensity="1.161426e+01" type="0"/>
    <Peak1D F1="34.199776" intensity="-1.484330e-01" type="0"/>
    <Peak1D F1="28.791925" intensity="2.867329e-01" type="0"/>
    <Peak1D F1="27.715326" intensity="8.185979e+00" type="0"/>
    <Peak1D F1="27.292135" intensity="1.500000e+01" type="0"/>
    <Peak1D F1="20.383183" intensity="-1.496959e-01" type="0"/>
  </PeakList1D>
</PeakList>
