<?xml version="1.0" encoding="UTF-8"?>
<PeakList modified="2017-02-02T17:56:17">
  <PeakList2D>
    <PeakList2DHeader creator="liermann@OCNMR99" date="2017-02-02T17:56:17" expNo="4" name="caripyrin_1314534-36-5" owner="liermann" procNo="1" source="//ocnmr1/admin/JGU-NMR/Lehre/interessant">
      <PeakPickDetails># F2 peak picking range ( ppm )
# 2 F1P=12.688099861145, 2 F2P=-0.6637081018305189
# F1 peak picking range ( ppm )
# 1 F1P=12.688099861145, 1 F2P=-0.6637081018305189
# MI=0.001 (= 1574041.0760000001), MAXI=1.0 (= 1.574041076E9)
# PEAK RESOL.=1, INTERPOL. TYPE=PARABOLIC, DIAG. GAP=9, MAX. # PEAKS=2147483647
</PeakPickDetails>
    </PeakList2DHeader>
    <Peak2D F1="8.1158" F2="3.6926" intensity="1654138.50" type="0"/>
    <Peak2D F1="1.5673" F2="3.4811" intensity="1686764.62" type="0"/>
    <Peak2D F1="3.4754" F2="1.5667" intensity="1696108.61" type="0"/>
    <Peak2D F1="1.2666" F2="1.5041" intensity="1738208.32" type="0"/>
    <Peak2D F1="1.5797" F2="3.4601" intensity="1757064.87" type="0"/>
    <Peak2D F1="1.3775" F2="3.0704" intensity="1775036.79" type="0"/>
    <Peak2D F1="8.2515" F2="8.1109" intensity="1840939.48" type="0"/>
    <Peak2D F1="7.9482" F2="8.1091" intensity="1841736.70" type="0"/>
    <Peak2D F1="7.8600" F2="8.1098" intensity="1937028.56" type="0"/>
    <Peak2D F1="1.6919" F2="1.5022" intensity="1983504.45" type="0"/>
    <Peak2D F1="1.5088" F2="1.3702" intensity="2067329.35" type="0"/>
    <Peak2D F1="7.9374" F2="7.6784" intensity="2078763.20" type="0"/>
    <Peak2D F1="1.5105" F2="2.9271" intensity="2103313.44" type="0"/>
    <Peak2D F1="1.5019" F2="3.2121" intensity="2222232.74" type="0"/>
    <Peak2D F1="1.3630" F2="0.9009" intensity="2230889.31" type="0"/>
    <Peak2D F1="6.5122" F2="1.9528" intensity="2436833.72" type="0"/>
    <Peak2D F1="8.1067" F2="7.5397" intensity="2524315.08" type="0"/>
    <Peak2D F1="1.3551" F2="0.9269" intensity="2655292.72" type="0"/>
    <Peak2D F1="1.2420" F2="4.2489" intensity="2663618.33" type="0"/>
    <Peak2D F1="7.5404" F2="8.1098" intensity="2688587.69" type="0"/>
    <Peak2D F1="1.2836" F2="0.8608" intensity="2726640.75" type="0"/>
    <Peak2D F1="8.1136" F2="7.8120" intensity="2750843.67" type="0"/>
    <Peak2D F1="3.6928" F2="8.6741" intensity="2894871.00" type="0"/>
    <Peak2D F1="7.6758" F2="7.9684" intensity="2899306.03" type="0"/>
    <Peak2D F1="8.6767" F2="3.6925" intensity="2910269.30" type="0"/>
    <Peak2D F1="7.9778" F2="7.6795" intensity="3013883.07" type="0"/>
    <Peak2D F1="7.6811" F2="8.2464" intensity="3045332.71" type="0"/>
    <Peak2D F1="7.6779" F2="3.6928" intensity="3113849.57" type="0"/>
    <Peak2D F1="2.9321" F2="1.5061" intensity="3195600.79" type="0"/>
    <Peak2D F1="1.3426" F2="1.5022" intensity="3274921.32" type="0"/>
    <Peak2D F1="3.2106" F2="1.4995" intensity="3281077.53" type="0"/>
    <Peak2D F1="7.8154" F2="8.1095" intensity="3287796.03" type="0"/>
    <Peak2D F1="8.2514" F2="7.6806" intensity="3317015.06" type="0"/>
    <Peak2D F1="1.2750" F2="0.8861" intensity="3530440.48" type="0"/>
    <Peak2D F1="1.5877" F2="3.0776" intensity="3867653.81" type="0"/>
    <Peak2D F1="1.9492" F2="6.4585" intensity="3909803.24" type="0"/>
    <Peak2D F1="8.1486" F2="8.0040" intensity="3946570.17" type="0"/>
    <Peak2D F1="1.6455" F2="1.5043" intensity="4064069.32" type="0"/>
    <Peak2D F1="8.6754" F2="8.1223" intensity="4096686.29" type="0"/>
    <Peak2D F1="8.6687" F2="8.0997" intensity="4461907.22" type="0"/>
    <Peak2D F1="7.5885" F2="8.1098" intensity="4557555.17" type="0"/>
    <Peak2D F1="7.7826" F2="8.1094" intensity="5093083.58" type="0"/>
    <Peak2D F1="8.2095" F2="7.6802" intensity="5205082.30" type="0"/>
    <Peak2D F1="-0.0713" F2="3.0659" intensity="5358548.82" type="0"/>
    <Peak2D F1="3.0762" F2="1.6078" intensity="5788633.14" type="0"/>
    <Peak2D F1="3.0682" F2="1.3979" intensity="5822976.40" type="0"/>
    <Peak2D F1="1.3738" F2="1.5040" intensity="6915121.62" type="0"/>
    <Peak2D F1="4.2504" F2="1.2417" intensity="6932723.00" type="0"/>
    <Peak2D F1="8.1119" F2="8.6737" intensity="6966420.65" type="0"/>
    <Peak2D F1="1.4211" F2="3.0712" intensity="7131996.58" type="0"/>
    <Peak2D F1="8.0639" F2="7.7640" intensity="7637214.01" type="0"/>
    <Peak2D F1="1.5059" F2="3.6927" intensity="8376004.22" type="0"/>
    <Peak2D F1="6.4611" F2="1.9512" intensity="9221096.89" type="0"/>
    <Peak2D F1="7.7683" F2="8.0591" intensity="9977036.74" type="0"/>
    <Peak2D F1="3.7011" F2="3.0703" intensity="10804506.15" type="0"/>
    <Peak2D F1="8.6775" F2="7.6702" intensity="28827723.21" type="0"/>
    <Peak2D F1="8.6721" F2="7.6911" intensity="30965407.75" type="0"/>
    <Peak2D F1="3.0725" F2="3.6925" intensity="48748621.82" type="0"/>
    <Peak2D F1="7.6796" F2="8.6738" intensity="59773744.23" type="0"/>
    <Peak2D F1="1.5058" F2="3.0717" intensity="439474272.22" type="0"/>
    <Peak2D F1="8.1123" F2="7.6789" intensity="539474763.97" type="0"/>
    <Peak2D F1="7.6788" F2="8.1102" intensity="637753825.38" type="0"/>
    <Peak2D F1="3.0724" F2="1.5032" intensity="860581939.12" type="0"/>
  </PeakList2D>
</PeakList>
