<?xml version="1.0" encoding="UTF-8"?>
<PeakList>
  <PeakList1D>
    <PeakList1DHeader creator="nmrsu" date="2021-08-07T16:07:10.822+02:00" expNo="50" name="CS-Ese" owner="" procNo="1" source="/home/nmrsu/nmrdata/data/AG_X/nmr">
      <PeakPickDetails>F1=19.969290ppm, F2=-3.969290ppm, MI=0.00cm, MAXI=10000.00cm, PC=12.000
      </PeakPickDetails>
    </PeakList1DHeader>
    <Peak1D F1="7.284550" intensity="4.897610e-01" type="0"/>
    <Peak1D F1="6.965127" intensity="1.550225e-02" type="0"/>
    <Peak1D F1="6.813725" intensity="1.163879e+00" type="0"/>
    <Peak1D F1="6.792768" intensity="1.296066e+00" type="0"/>
    <Peak1D F1="6.769575" intensity="2.615134e+00" type="0"/>
    <Peak1D F1="6.569332" intensity="1.414960e-02" type="0"/>
    <Peak1D F1="6.353050" intensity="1.910661e+00" type="0"/>
    <Peak1D F1="6.332245" intensity="1.673509e+00" type="0"/>
    <Peak1D F1="5.893509" intensity="9.676230e-03" type="0"/>
    <Peak1D F1="5.085956" intensity="7.277946e-01" type="0"/>
    <Peak1D F1="4.848951" intensity="8.018131e-02" type="0"/>
    <Peak1D F1="4.304604" intensity="1.858297e-02" type="0"/>
    <Peak1D F1="4.115896" intensity="3.455323e+00" type="0"/>
    <Peak1D F1="4.048772" intensity="2.064476e-02" type="0"/>
    <Peak1D F1="3.921633" intensity="1.809362e-02" type="0"/>
    <Peak1D F1="3.090367" intensity="8.087929e-02" type="0"/>
    <Peak1D F1="3.035887" intensity="3.460316e-02" type="0"/>
    <Peak1D F1="3.023960" intensity="3.774664e-02" type="0"/>
    <Peak1D F1="2.979706" intensity="3.681560e-02" type="0"/>
    <Peak1D F1="2.923659" intensity="1.500000e+01" type="0"/>
    <Peak1D F1="2.865295" intensity="5.252848e+00" type="0"/>
    <Peak1D F1="2.853248" intensity="5.155528e+00" type="0"/>
    <Peak1D F1="2.793144" intensity="7.141060e-02" type="0"/>
    <Peak1D F1="2.750447" intensity="4.161007e-01" type="0"/>
    <Peak1D F1="2.733927" intensity="6.676583e-01" type="0"/>
    <Peak1D F1="2.726155" intensity="9.721429e-01" type="0"/>
    <Peak1D F1="2.714116" intensity="1.190571e+00" type="0"/>
    <Peak1D F1="2.700351" intensity="7.132817e-01" type="0"/>
    <Peak1D F1="2.682014" intensity="7.590271e-01" type="0"/>
    <Peak1D F1="2.661719" intensity="1.267443e+00" type="0"/>
    <Peak1D F1="2.644337" intensity="1.116909e+00" type="0"/>
    <Peak1D F1="2.622260" intensity="4.514671e-01" type="0"/>
    <Peak1D F1="2.550066" intensity="1.314285e+01" type="0"/>
    <Peak1D F1="2.381542" intensity="7.362270e-02" type="0"/>
    <Peak1D F1="2.082451" intensity="1.823923e-01" type="0"/>
    <Peak1D F1="2.033947" intensity="1.013901e-01" type="0"/>
    <Peak1D F1="2.000511" intensity="9.961875e-02" type="0"/>
    <Peak1D F1="1.969423" intensity="1.800032e+00" type="0"/>
    <Peak1D F1="1.953074" intensity="2.207742e+00" type="0"/>
    <Peak1D F1="1.931633" intensity="9.475096e-01" type="0"/>
    <Peak1D F1="1.901401" intensity="1.601736e-01" type="0"/>
    <Peak1D F1="1.786924" intensity="1.649301e-02" type="0"/>
    <Peak1D F1="1.589220" intensity="5.578702e-02" type="0"/>
    <Peak1D F1="1.432486" intensity="1.008642e+01" type="0"/>
    <Peak1D F1="1.271961" intensity="6.748426e-02" type="0"/>
    <Peak1D F1="1.253875" intensity="8.343433e-02" type="0"/>
    <Peak1D F1="1.238230" intensity="8.004916e-02" type="0"/>
    <Peak1D F1="0.086979" intensity="1.860662e-02" type="0"/>
  </PeakList1D>
</PeakList>
