<?xml version="1.0" encoding="UTF-8"?>
<PeakList>
  <PeakList1D>
    <PeakList1DHeader creator="nmrsu" date="2021-08-05T14:03:37.939+02:00" expNo="11" name="CS-Ese" owner="" procNo="1" source="/home/nmrsu/nmrdata/data/AG_X/nmr">
      <PeakPickDetails>F1=249.917999ppm, F2=-9.918566ppm, MI=0.00cm, MAXI=10000.00cm, PC=1.400
      </PeakPickDetails>
    </PeakList1DHeader>
    <Peak1D F1="156.227127" intensity="3.392488e+00" type="0"/>
    <Peak1D F1="149.712524" intensity="1.742650e-01" type="0"/>
    <Peak1D F1="149.552582" intensity="3.334513e+00" type="0"/>
    <Peak1D F1="143.089401" intensity="3.589123e+00" type="0"/>
    <Peak1D F1="142.914719" intensity="1.709532e-01" type="0"/>
    <Peak1D F1="137.559525" intensity="2.280354e-01" type="0"/>
    <Peak1D F1="137.541550" intensity="6.199124e-01" type="0"/>
    <Peak1D F1="137.521896" intensity="6.528495e+00" type="0"/>
    <Peak1D F1="137.489670" intensity="3.144296e-01" type="0"/>
    <Peak1D F1="137.472855" intensity="1.755751e-01" type="0"/>
    <Peak1D F1="137.456406" intensity="1.412759e-01" type="0"/>
    <Peak1D F1="120.700905" intensity="9.417312e-02" type="0"/>
    <Peak1D F1="120.427208" intensity="8.350239e+00" type="0"/>
    <Peak1D F1="116.172966" intensity="1.162563e+01" type="0"/>
    <Peak1D F1="106.524757" intensity="9.441178e+00" type="0"/>
    <Peak1D F1="98.228645" intensity="1.755474e-01" type="0"/>
    <Peak1D F1="98.180977" intensity="1.648131e-01" type="0"/>
    <Peak1D F1="98.165611" intensity="2.441760e-01" type="0"/>
    <Peak1D F1="98.149506" intensity="2.486081e-01" type="0"/>
    <Peak1D F1="98.133286" intensity="3.798489e-01" type="0"/>
    <Peak1D F1="98.116112" intensity="6.953416e-01" type="0"/>
    <Peak1D F1="98.082321" intensity="1.313818e+01" type="0"/>
    <Peak1D F1="98.048851" intensity="7.393364e-01" type="0"/>
    <Peak1D F1="98.031647" intensity="4.278834e-01" type="0"/>
    <Peak1D F1="98.015503" intensity="2.595344e-01" type="0"/>
    <Peak1D F1="97.999573" intensity="2.103002e-01" type="0"/>
    <Peak1D F1="97.983139" intensity="1.253367e-01" type="0"/>
    <Peak1D F1="97.967400" intensity="1.371205e-01" type="0"/>
    <Peak1D F1="97.934273" intensity="1.325524e-01" type="0"/>
    <Peak1D F1="77.334038" intensity="2.422283e+01" type="0"/>
    <Peak1D F1="77.079903" intensity="2.474139e+01" type="0"/>
    <Peak1D F1="76.825745" intensity="2.411751e+01" type="0"/>
    <Peak1D F1="53.346680" intensity="1.179338e-01" type="0"/>
    <Peak1D F1="53.332092" intensity="2.003024e-01" type="0"/>
    <Peak1D F1="53.315628" intensity="1.346267e-01" type="0"/>
    <Peak1D F1="53.299507" intensity="2.619192e-01" type="0"/>
    <Peak1D F1="53.284744" intensity="2.599209e-01" type="0"/>
    <Peak1D F1="53.267990" intensity="2.781121e-01" type="0"/>
    <Peak1D F1="53.251743" intensity="4.366392e-01" type="0"/>
    <Peak1D F1="53.235264" intensity="8.129528e-01" type="0"/>
    <Peak1D F1="53.200138" intensity="1.431073e+01" type="0"/>
    <Peak1D F1="53.167213" intensity="7.857750e-01" type="0"/>
    <Peak1D F1="53.150036" intensity="4.070288e-01" type="0"/>
    <Peak1D F1="53.133698" intensity="2.753580e-01" type="0"/>
    <Peak1D F1="53.118301" intensity="1.648397e-01" type="0"/>
    <Peak1D F1="53.069252" intensity="1.411749e-01" type="0"/>
    <Peak1D F1="53.054958" intensity="1.525101e-01" type="0"/>
    <Peak1D F1="52.753307" intensity="1.023817e-01" type="0"/>
    <Peak1D F1="52.721066" intensity="1.585187e-01" type="0"/>
    <Peak1D F1="52.689857" intensity="1.015950e-01" type="0"/>
    <Peak1D F1="52.657597" intensity="1.134945e-01" type="0"/>
    <Peak1D F1="52.641380" intensity="2.106126e-01" type="0"/>
    <Peak1D F1="52.593044" intensity="9.413991e+00" type="0"/>
    <Peak1D F1="52.555859" intensity="3.088357e-01" type="0"/>
    <Peak1D F1="52.538467" intensity="1.885466e-01" type="0"/>
    <Peak1D F1="52.523350" intensity="1.358531e-01" type="0"/>
    <Peak1D F1="52.429836" intensity="1.416374e-01" type="0"/>
    <Peak1D F1="40.815708" intensity="8.759283e+00" type="0"/>
    <Peak1D F1="38.426056" intensity="1.120853e+01" type="0"/>
    <Peak1D F1="37.021824" intensity="9.822679e+00" type="0"/>
    <Peak1D F1="28.794121" intensity="3.001584e-01" type="0"/>
    <Peak1D F1="27.710325" intensity="6.848951e+00" type="0"/>
    <Peak1D F1="27.283056" intensity="1.500000e+01" type="0"/>
    <Peak1D F1="21.835154" intensity="1.171444e-01" type="0"/>
  </PeakList1D>
</PeakList>
