<?xml version="1.0" encoding="UTF-8"?>
<PeakList>
  <PeakList1D>
    <PeakList1DHeader creator="nmrsu" date="2021-08-07T00:53:31.536+02:00" expNo="52" name="CS-Cur" owner="" procNo="1" source="/home/nmrsu/nmrdata/data/AG_X/nmr">
      <PeakPickDetails>F1=256.180389ppm, F2=-26.180302ppm, MI=0.00cm, MAXI=10000.00cm, PC=1.400
      </PeakPickDetails>
    </PeakList1DHeader>
    <Peak1D F1="151.996811" intensity="1.500000e+01" type="0"/>
    <Peak1D F1="120.811188" intensity="1.412541e+01" type="0"/>
    <Peak1D F1="120.331856" intensity="1.423928e+01" type="0"/>
    <Peak1D F1="114.833733" intensity="1.364677e+01" type="0"/>
    <Peak1D F1="71.326675" intensity="1.419137e+01" type="0"/>
    <Peak1D F1="58.192486" intensity="1.374967e+01" type="0"/>
    <Peak1D F1="41.595051" intensity="1.366894e+01" type="0"/>
    <Peak1D F1="34.675461" intensity="1.358548e+01" type="0"/>
    <Peak1D F1="21.975687" intensity="-1.894394e+00" type="0"/>
  </PeakList1D>
</PeakList>
