<?xml version="1.0" encoding="UTF-8"?>
<PeakList modified="2017-02-02T17:56:18">
  <PeakList2D>
    <PeakList2DHeader creator="liermann@OCNMR99" date="2017-02-02T17:56:18" expNo="7" name="caripyrin_1314534-36-5" owner="liermann" procNo="1" source="//ocnmr1/admin/JGU-NMR/Lehre/interessant">
      <PeakPickDetails># F2 peak picking range ( ppm )
# 2 F1P=9.708252906799316, 2 F2P=-0.5019531825349777
# F1 peak picking range ( ppm )
# 1 F1P=9.708252906799316, 1 F2P=-0.5019531825349777
# MI=0.001 (= 122389.185), MAXI=1.0 (= 1.22389185E8)
# PEAK RESOL.=1, INTERPOL. TYPE=PARABOLIC, DIAG. GAP=9, MAX. # PEAKS=2147483647
</PeakPickDetails>
    </PeakList2DHeader>
    <Peak2D F1="5.4126" F2="4.0036" intensity="129038.71" type="0"/>
    <Peak2D F1="2.3181" F2="4.0045" intensity="-130706.86" type="0"/>
    <Peak2D F1="0.9301" F2="4.0036" intensity="-130805.96" type="0"/>
    <Peak2D F1="0.6240" F2="4.0049" intensity="-135594.84" type="0"/>
    <Peak2D F1="8.8534" F2="8.6785" intensity="-142907.59" type="0"/>
    <Peak2D F1="4.6990" F2="4.0054" intensity="144327.69" type="0"/>
    <Peak2D F1="7.0757" F2="4.0034" intensity="-148368.82" type="0"/>
    <Peak2D F1="7.0824" F2="4.0164" intensity="152443.39" type="0"/>
    <Peak2D F1="8.4996" F2="8.6782" intensity="-153838.03" type="0"/>
    <Peak2D F1="1.4971" F2="4.0165" intensity="155296.50" type="0"/>
    <Peak2D F1="3.6779" F2="4.0151" intensity="-168272.51" type="0"/>
    <Peak2D F1="1.5181" F2="4.0037" intensity="-168464.74" type="0"/>
    <Peak2D F1="4.3044" F2="4.0139" intensity="177334.52" type="0"/>
    <Peak2D F1="7.1899" F2="7.2850" intensity="-179357.83" type="0"/>
    <Peak2D F1="4.9867" F2="4.0161" intensity="-185386.75" type="0"/>
    <Peak2D F1="1.8012" F2="1.5039" intensity="188837.97" type="0"/>
    <Peak2D F1="1.2478" F2="1.5032" intensity="-191271.54" type="0"/>
    <Peak2D F1="8.4992" F2="4.0135" intensity="-192499.61" type="0"/>
    <Peak2D F1="3.0433" F2="4.0045" intensity="195037.60" type="0"/>
    <Peak2D F1="1.9145" F2="4.0056" intensity="197646.38" type="0"/>
    <Peak2D F1="8.5551" F2="4.0061" intensity="-198606.01" type="0"/>
    <Peak2D F1="3.8709" F2="3.6964" intensity="-200395.58" type="0"/>
    <Peak2D F1="2.9359" F2="3.0725" intensity="212063.71" type="0"/>
    <Peak2D F1="7.9740" F2="8.1069" intensity="212382.69" type="0"/>
    <Peak2D F1="8.6767" F2="3.0734" intensity="-212543.52" type="0"/>
    <Peak2D F1="3.2098" F2="3.0730" intensity="213152.72" type="0"/>
    <Peak2D F1="1.2899" F2="1.5035" intensity="213666.24" type="0"/>
    <Peak2D F1="3.7514" F2="4.0129" intensity="-214897.37" type="0"/>
    <Peak2D F1="8.2472" F2="8.1099" intensity="217548.67" type="0"/>
    <Peak2D F1="3.4900" F2="4.0147" intensity="230765.49" type="0"/>
    <Peak2D F1="3.0673" F2="3.6958" intensity="-234327.02" type="0"/>
    <Peak2D F1="7.8158" F2="7.6798" intensity="237222.76" type="0"/>
    <Peak2D F1="7.5424" F2="7.6802" intensity="242701.49" type="0"/>
    <Peak2D F1="1.7210" F2="1.5036" intensity="263986.81" type="0"/>
    <Peak2D F1="3.5174" F2="3.6960" intensity="-269059.24" type="0"/>
    <Peak2D F1="6.5933" F2="4.0149" intensity="269426.04" type="0"/>
    <Peak2D F1="1.6397" F2="4.0068" intensity="270148.32" type="0"/>
    <Peak2D F1="4.2249" F2="4.0116" intensity="279405.12" type="0"/>
    <Peak2D F1="3.0743" F2="8.6769" intensity="-303255.67" type="0"/>
    <Peak2D F1="6.5118" F2="4.0151" intensity="304696.54" type="0"/>
    <Peak2D F1="3.7954" F2="4.0123" intensity="305322.31" type="0"/>
    <Peak2D F1="8.5409" F2="8.6769" intensity="308873.33" type="0"/>
    <Peak2D F1="4.1874" F2="4.0123" intensity="-313600.07" type="0"/>
    <Peak2D F1="8.8122" F2="8.6760" intensity="315513.50" type="0"/>
    <Peak2D F1="3.6934" F2="7.6792" intensity="-319385.91" type="0"/>
    <Peak2D F1="1.6817" F2="1.5045" intensity="-322398.40" type="0"/>
    <Peak2D F1="8.1129" F2="7.6927" intensity="-383943.54" type="0"/>
    <Peak2D F1="7.6790" F2="3.0735" intensity="-394133.15" type="0"/>
    <Peak2D F1="3.0727" F2="7.6798" intensity="-400530.20" type="0"/>
    <Peak2D F1="3.5582" F2="3.6951" intensity="420631.63" type="0"/>
    <Peak2D F1="6.2890" F2="4.0126" intensity="-432624.79" type="0"/>
    <Peak2D F1="1.3293" F2="1.5062" intensity="-437121.34" type="0"/>
    <Peak2D F1="8.0146" F2="8.1197" intensity="-451234.80" type="0"/>
    <Peak2D F1="3.8296" F2="3.6950" intensity="464219.90" type="0"/>
    <Peak2D F1="3.8353" F2="4.0116" intensity="-469705.76" type="0"/>
    <Peak2D F1="7.6786" F2="3.6953" intensity="-583178.49" type="0"/>
    <Peak2D F1="3.1700" F2="3.0723" intensity="-599357.33" type="0"/>
    <Peak2D F1="7.5817" F2="7.6803" intensity="-619842.83" type="0"/>
    <Peak2D F1="8.2071" F2="8.1039" intensity="-657410.63" type="0"/>
    <Peak2D F1="7.6731" F2="8.1029" intensity="-695048.36" type="0"/>
    <Peak2D F1="3.6935" F2="8.6762" intensity="-858126.83" type="0"/>
    <Peak2D F1="8.1120" F2="7.6722" intensity="-870347.39" type="0"/>
    <Peak2D F1="1.5044" F2="3.0603" intensity="-876356.08" type="0"/>
    <Peak2D F1="1.3694" F2="1.5043" intensity="930208.90" type="0"/>
    <Peak2D F1="1.6416" F2="1.5049" intensity="974840.72" type="0"/>
    <Peak2D F1="8.7710" F2="8.6756" intensity="-989293.58" type="0"/>
    <Peak2D F1="1.5054" F2="3.0852" intensity="-1021305.68" type="0"/>
    <Peak2D F1="3.0731" F2="1.5035" intensity="-1099942.09" type="0"/>
    <Peak2D F1="3.8757" F2="4.0129" intensity="1104912.26" type="0"/>
    <Peak2D F1="8.6766" F2="3.6953" intensity="-1114902.52" type="0"/>
    <Peak2D F1="4.1470" F2="4.0126" intensity="1149191.63" type="0"/>
    <Peak2D F1="7.6784" F2="8.1227" intensity="-1299085.45" type="0"/>
    <Peak2D F1="3.5995" F2="3.6950" intensity="-1468287.75" type="0"/>
    <Peak2D F1="1.5060" F2="3.6953" intensity="-1760301.30" type="0"/>
    <Peak2D F1="3.6945" F2="1.5048" intensity="-1926024.71" type="0"/>
    <Peak2D F1="1.6014" F2="1.5044" intensity="-2632138.82" type="0"/>
    <Peak2D F1="3.9160" F2="4.0119" intensity="-3153589.41" type="0"/>
    <Peak2D F1="6.3852" F2="4.0125" intensity="4295048.92" type="0"/>
  </PeakList2D>
</PeakList>
