<?xml version="1.0" encoding="UTF-8"?>
<PeakList modified="2017-01-25T10:54:43">
  <PeakList1D>
    <PeakList1DHeader creator="liermann" date="2017-01-25T10:54:43" expNo="1" name="(+)-pulegon_89-82-7" owner="" procNo="1" source="//ocnmr1.chemie.uni-mainz.de/admin/JGU-NMR/Lehre/chemikalienlager">
      <PeakPickDetails>F1=15.938920ppm, F2=-3.588099ppm, MI=0.01cm, MAXI=1000.00cm, PC=0.000
      </PeakPickDetails>
    </PeakList1DHeader>
    <Peak1D F1="7.4549" intensity="0.10" type="0"/>
    <Peak1D F1="7.3236" intensity="0.02" type="0"/>
    <Peak1D F1="7.3224" intensity="0.02" type="0"/>
    <Peak1D F1="7.3188" intensity="0.03" type="0"/>
    <Peak1D F1="7.3179" intensity="0.02" type="0"/>
    <Peak1D F1="7.3166" intensity="0.02" type="0"/>
    <Peak1D F1="7.3161" intensity="0.02" type="0"/>
    <Peak1D F1="7.3154" intensity="0.02" type="0"/>
    <Peak1D F1="7.3149" intensity="0.02" type="0"/>
    <Peak1D F1="7.3134" intensity="0.02" type="0"/>
    <Peak1D F1="7.3114" intensity="0.03" type="0"/>
    <Peak1D F1="7.3109" intensity="0.03" type="0"/>
    <Peak1D F1="7.3078" intensity="0.04" type="0"/>
    <Peak1D F1="7.3071" intensity="0.04" type="0"/>
    <Peak1D F1="7.3065" intensity="0.04" type="0"/>
    <Peak1D F1="7.3053" intensity="0.04" type="0"/>
    <Peak1D F1="7.3048" intensity="0.04" type="0"/>
    <Peak1D F1="7.3039" intensity="0.04" type="0"/>
    <Peak1D F1="7.3015" intensity="0.05" type="0"/>
    <Peak1D F1="7.3009" intensity="0.05" type="0"/>
    <Peak1D F1="7.2995" intensity="0.06" type="0"/>
    <Peak1D F1="7.2989" intensity="0.06" type="0"/>
    <Peak1D F1="7.2983" intensity="0.06" type="0"/>
    <Peak1D F1="7.2978" annotation="CDCl3" intensity="0.06" type="5"/>
    <Peak1D F1="7.2830" annotation="CDCl3" intensity="17.29" type="5"/>
    <Peak1D F1="7.2756" intensity="0.03" type="0"/>
    <Peak1D F1="7.1061" intensity="0.09" type="0"/>
    <Peak1D F1="6.8308" intensity="0.02" type="0"/>
    <Peak1D F1="6.8262" intensity="0.02" type="0"/>
    <Peak1D F1="6.8212" intensity="0.02" type="0"/>
    <Peak1D F1="6.8166" intensity="0.02" type="0"/>
    <Peak1D F1="5.7080" intensity="0.27" type="0"/>
    <Peak1D F1="5.7042" intensity="0.28" type="0"/>
    <Peak1D F1="5.7003" intensity="0.27" type="0"/>
    <Peak1D F1="5.5197" intensity="0.03" type="0"/>
    <Peak1D F1="5.3476" intensity="0.02" type="0"/>
    <Peak1D F1="5.3469" intensity="0.02" type="0"/>
    <Peak1D F1="5.1300" intensity="0.05" type="0"/>
    <Peak1D F1="5.1281" intensity="0.05" type="0"/>
    <Peak1D F1="5.1157" intensity="0.04" type="0"/>
    <Peak1D F1="5.1148" intensity="0.04" type="0"/>
    <Peak1D F1="5.1137" intensity="0.04" type="0"/>
    <Peak1D F1="5.1127" intensity="0.04" type="0"/>
    <Peak1D F1="5.0316" intensity="0.07" type="0"/>
    <Peak1D F1="5.0215" intensity="0.04" type="0"/>
    <Peak1D F1="5.0209" intensity="0.04" type="0"/>
    <Peak1D F1="5.0188" intensity="0.03" type="0"/>
    <Peak1D F1="4.9721" intensity="0.45" type="0"/>
    <Peak1D F1="4.9701" intensity="0.46" type="0"/>
    <Peak1D F1="4.9433" intensity="1.05" type="0"/>
    <Peak1D F1="4.9409" intensity="1.52" type="0"/>
    <Peak1D F1="4.9385" intensity="1.12" type="0"/>
    <Peak1D F1="4.8296" intensity="0.03" type="0"/>
    <Peak1D F1="4.8291" intensity="0.03" type="0"/>
    <Peak1D F1="4.8283" intensity="0.03" type="0"/>
    <Peak1D F1="4.8276" intensity="0.03" type="0"/>
    <Peak1D F1="4.8064" intensity="0.02" type="0"/>
    <Peak1D F1="4.7957" intensity="0.53" type="0"/>
    <Peak1D F1="4.7247" intensity="1.57" type="0"/>
    <Peak1D F1="4.4524" intensity="0.03" type="0"/>
    <Peak1D F1="4.1495" intensity="0.10" type="0"/>
    <Peak1D F1="4.1105" intensity="0.04" type="0"/>
    <Peak1D F1="4.1099" intensity="0.04" type="0"/>
    <Peak1D F1="4.1077" intensity="0.04" type="0"/>
    <Peak1D F1="4.1069" intensity="0.04" type="0"/>
    <Peak1D F1="4.0752" intensity="0.02" type="0"/>
    <Peak1D F1="3.7299" intensity="0.02" type="0"/>
    <Peak1D F1="3.7187" intensity="0.02" type="0"/>
    <Peak1D F1="3.7181" intensity="0.02" type="0"/>
    <Peak1D F1="3.2271" intensity="0.02" type="0"/>
    <Peak1D F1="2.9907" intensity="0.12" type="0"/>
    <Peak1D F1="2.9783" intensity="0.66" type="0"/>
    <Peak1D F1="2.9691" intensity="0.63" type="0"/>
    <Peak1D F1="2.9564" intensity="0.51" type="0"/>
    <Peak1D F1="2.9473" intensity="0.51" type="0"/>
    <Peak1D F1="2.8928" intensity="0.02" type="0"/>
    <Peak1D F1="2.8667" intensity="0.02" type="0"/>
    <Peak1D F1="2.8655" intensity="0.02" type="0"/>
    <Peak1D F1="2.8611" intensity="0.02" type="0"/>
    <Peak1D F1="2.8599" intensity="0.02" type="0"/>
    <Peak1D F1="2.8458" intensity="0.02" type="0"/>
    <Peak1D F1="2.8401" intensity="0.06" type="0"/>
    <Peak1D F1="2.8333" intensity="0.10" type="0"/>
    <Peak1D F1="2.8261" intensity="0.07" type="0"/>
    <Peak1D F1="2.8145" intensity="0.07" type="0"/>
    <Peak1D F1="2.8075" intensity="0.12" type="0"/>
    <Peak1D F1="2.8002" intensity="0.08" type="0"/>
    <Peak1D F1="2.7930" intensity="0.03" type="0"/>
    <Peak1D F1="2.7914" intensity="0.03" type="0"/>
    <Peak1D F1="2.7904" intensity="0.03" type="0"/>
    <Peak1D F1="2.7865" intensity="0.04" type="0"/>
    <Peak1D F1="2.7855" intensity="0.04" type="0"/>
    <Peak1D F1="2.7848" intensity="0.04" type="0"/>
    <Peak1D F1="2.7839" intensity="0.04" type="0"/>
    <Peak1D F1="2.7832" intensity="0.04" type="0"/>
    <Peak1D F1="2.7815" intensity="0.04" type="0"/>
    <Peak1D F1="2.7801" intensity="0.04" type="0"/>
    <Peak1D F1="2.7775" intensity="0.04" type="0"/>
    <Peak1D F1="2.7766" intensity="0.04" type="0"/>
    <Peak1D F1="2.7761" intensity="0.04" type="0"/>
    <Peak1D F1="2.7724" intensity="0.05" type="0"/>
    <Peak1D F1="2.7708" intensity="0.05" type="0"/>
    <Peak1D F1="2.7697" intensity="0.06" type="0"/>
    <Peak1D F1="2.7677" intensity="0.06" type="0"/>
    <Peak1D F1="2.7671" intensity="0.06" type="0"/>
    <Peak1D F1="2.7665" intensity="0.06" type="0"/>
    <Peak1D F1="2.7637" intensity="0.07" type="0"/>
    <Peak1D F1="2.7619" intensity="0.07" type="0"/>
    <Peak1D F1="2.7347" intensity="8.58" type="0"/>
    <Peak1D F1="2.7275" intensity="16.25" type="0"/>
    <Peak1D F1="2.7204" intensity="9.08" type="0"/>
    <Peak1D F1="2.7090" intensity="9.71" type="0"/>
    <Peak1D F1="2.7018" intensity="18.20" type="0"/>
    <Peak1D F1="2.6947" intensity="10.05" type="0"/>
    <Peak1D F1="2.6726" intensity="0.04" type="0"/>
    <Peak1D F1="2.6685" intensity="0.03" type="0"/>
    <Peak1D F1="2.6313" intensity="0.02" type="0"/>
    <Peak1D F1="2.6253" intensity="0.06" type="0"/>
    <Peak1D F1="2.6202" intensity="0.15" type="0"/>
    <Peak1D F1="2.6174" intensity="0.19" type="0"/>
    <Peak1D F1="2.6131" intensity="0.14" type="0"/>
    <Peak1D F1="2.6096" intensity="0.15" type="0"/>
    <Peak1D F1="2.5999" intensity="0.07" type="0"/>
    <Peak1D F1="2.5946" intensity="0.16" type="0"/>
    <Peak1D F1="2.5915" intensity="0.20" type="0"/>
    <Peak1D F1="2.5873" intensity="0.16" type="0"/>
    <Peak1D F1="2.5837" intensity="0.16" type="0"/>
    <Peak1D F1="2.5778" intensity="0.03" type="0"/>
    <Peak1D F1="2.5698" intensity="0.02" type="0"/>
    <Peak1D F1="2.5650" intensity="0.03" type="0"/>
    <Peak1D F1="2.5623" intensity="0.02" type="0"/>
    <Peak1D F1="2.5587" intensity="0.07" type="0"/>
    <Peak1D F1="2.5531" intensity="0.06" type="0"/>
    <Peak1D F1="2.5470" intensity="0.11" type="0"/>
    <Peak1D F1="2.5410" intensity="0.17" type="0"/>
    <Peak1D F1="2.5318" intensity="0.47" type="0"/>
    <Peak1D F1="2.5246" intensity="0.51" type="0"/>
    <Peak1D F1="2.5124" intensity="10.63" type="0"/>
    <Peak1D F1="2.5093" intensity="14.68" type="0"/>
    <Peak1D F1="2.5063" intensity="19.59" type="0"/>
    <Peak1D F1="2.5025" intensity="17.00" type="0"/>
    <Peak1D F1="2.4880" intensity="17.61" type="0"/>
    <Peak1D F1="2.4842" intensity="21.22" type="0"/>
    <Peak1D F1="2.4819" intensity="17.17" type="0"/>
    <Peak1D F1="2.4779" intensity="15.75" type="0"/>
    <Peak1D F1="2.4685" intensity="0.51" type="0"/>
    <Peak1D F1="2.4621" intensity="0.59" type="0"/>
    <Peak1D F1="2.4570" intensity="0.17" type="0"/>
    <Peak1D F1="2.4539" intensity="0.37" type="0"/>
    <Peak1D F1="2.4477" intensity="0.14" type="0"/>
    <Peak1D F1="2.4447" intensity="0.13" type="0"/>
    <Peak1D F1="2.4379" intensity="0.10" type="0"/>
    <Peak1D F1="2.4340" intensity="0.06" type="0"/>
    <Peak1D F1="2.4265" intensity="0.42" type="0"/>
    <Peak1D F1="2.4230" intensity="0.44" type="0"/>
    <Peak1D F1="2.4199" intensity="0.51" type="0"/>
    <Peak1D F1="2.4164" intensity="0.58" type="0"/>
    <Peak1D F1="2.4093" intensity="0.21" type="0"/>
    <Peak1D F1="2.4042" intensity="0.50" type="0"/>
    <Peak1D F1="2.3980" intensity="0.68" type="0"/>
    <Peak1D F1="2.3943" intensity="0.72" type="0"/>
    <Peak1D F1="2.3878" intensity="0.23" type="0"/>
    <Peak1D F1="2.3775" intensity="0.16" type="0"/>
    <Peak1D F1="2.3738" intensity="0.16" type="0"/>
    <Peak1D F1="2.3705" intensity="0.17" type="0"/>
    <Peak1D F1="2.3671" intensity="0.16" type="0"/>
    <Peak1D F1="2.3638" intensity="0.11" type="0"/>
    <Peak1D F1="2.3604" intensity="0.11" type="0"/>
    <Peak1D F1="2.3555" intensity="0.11" type="0"/>
    <Peak1D F1="2.3533" intensity="0.10" type="0"/>
    <Peak1D F1="2.3493" intensity="0.09" type="0"/>
    <Peak1D F1="2.3452" intensity="0.08" type="0"/>
    <Peak1D F1="2.3418" intensity="0.09" type="0"/>
    <Peak1D F1="2.3385" intensity="0.10" type="0"/>
    <Peak1D F1="2.3347" intensity="0.08" type="0"/>
    <Peak1D F1="2.3329" intensity="0.08" type="0"/>
    <Peak1D F1="2.3306" intensity="0.08" type="0"/>
    <Peak1D F1="2.3275" intensity="0.07" type="0"/>
    <Peak1D F1="2.3260" intensity="0.07" type="0"/>
    <Peak1D F1="2.3195" intensity="0.05" type="0"/>
    <Peak1D F1="2.3114" intensity="0.08" type="0"/>
    <Peak1D F1="2.3099" intensity="0.08" type="0"/>
    <Peak1D F1="2.3023" intensity="0.11" type="0"/>
    <Peak1D F1="2.2803" intensity="5.66" type="0"/>
    <Peak1D F1="2.2781" intensity="6.21" type="0"/>
    <Peak1D F1="2.2757" intensity="6.39" type="0"/>
    <Peak1D F1="2.2733" intensity="6.10" type="0"/>
    <Peak1D F1="2.2727" intensity="6.10" type="0"/>
    <Peak1D F1="2.2700" intensity="5.27" type="0"/>
    <Peak1D F1="2.2552" intensity="11.32" type="0"/>
    <Peak1D F1="2.2526" intensity="11.57" type="0"/>
    <Peak1D F1="2.2501" intensity="10.45" type="0"/>
    <Peak1D F1="2.2349" intensity="5.51" type="0"/>
    <Peak1D F1="2.2325" intensity="5.92" type="0"/>
    <Peak1D F1="2.2301" intensity="5.96" type="0"/>
    <Peak1D F1="2.2278" intensity="5.63" type="0"/>
    <Peak1D F1="2.2094" intensity="0.27" type="0"/>
    <Peak1D F1="2.2040" intensity="0.07" type="0"/>
    <Peak1D F1="2.1961" intensity="0.33" type="0"/>
    <Peak1D F1="2.1897" intensity="0.17" type="0"/>
    <Peak1D F1="2.1878" intensity="0.14" type="0"/>
    <Peak1D F1="2.1821" intensity="0.14" type="0"/>
    <Peak1D F1="2.1771" intensity="0.57" type="0"/>
    <Peak1D F1="2.1691" intensity="0.31" type="0"/>
    <Peak1D F1="2.1645" intensity="0.41" type="0"/>
    <Peak1D F1="2.1580" intensity="0.38" type="0"/>
    <Peak1D F1="2.1542" intensity="0.42" type="0"/>
    <Peak1D F1="2.1478" intensity="0.43" type="0"/>
    <Peak1D F1="2.1434" intensity="0.51" type="0"/>
    <Peak1D F1="2.1407" intensity="0.51" type="0"/>
    <Peak1D F1="2.1333" intensity="0.38" type="0"/>
    <Peak1D F1="2.1247" intensity="0.51" type="0"/>
    <Peak1D F1="2.1176" intensity="0.38" type="0"/>
    <Peak1D F1="2.1097" intensity="0.15" type="0"/>
    <Peak1D F1="2.1043" intensity="0.11" type="0"/>
    <Peak1D F1="2.0987" intensity="0.29" type="0"/>
    <Peak1D F1="2.0911" intensity="0.20" type="0"/>
    <Peak1D F1="2.0821" intensity="1.13" type="0"/>
    <Peak1D F1="2.0791" intensity="1.43" type="0"/>
    <Peak1D F1="2.0691" intensity="0.67" type="0"/>
    <Peak1D F1="2.0636" intensity="0.66" type="0"/>
    <Peak1D F1="2.0555" intensity="1.50" type="0"/>
    <Peak1D F1="2.0432" intensity="23.81" type="0"/>
    <Peak1D F1="2.0336" intensity="1.61" type="0"/>
    <Peak1D F1="2.0243" intensity="41.61" type="0"/>
    <Peak1D F1="2.0183" intensity="11.34" type="0"/>
    <Peak1D F1="2.0057" intensity="6.70" type="0"/>
    <Peak1D F1="1.9996" intensity="38.98" type="0"/>
    <Peak1D F1="1.9953" intensity="12.04" type="0"/>
    <Peak1D F1="1.9900" intensity="11.23" type="0"/>
    <Peak1D F1="1.9779" intensity="139.65" type="0"/>
    <Peak1D F1="1.9751" intensity="155.26" type="0"/>
    <Peak1D F1="1.9607" intensity="10.01" type="0"/>
    <Peak1D F1="1.9557" intensity="6.05" type="0"/>
    <Peak1D F1="1.9496" intensity="5.82" type="0"/>
    <Peak1D F1="1.9427" intensity="3.58" type="0"/>
    <Peak1D F1="1.9391" intensity="2.01" type="0"/>
    <Peak1D F1="1.9318" intensity="1.39" type="0"/>
    <Peak1D F1="1.9227" intensity="0.84" type="0"/>
    <Peak1D F1="1.9197" intensity="0.75" type="0"/>
    <Peak1D F1="1.9149" intensity="0.74" type="0"/>
    <Peak1D F1="1.9101" intensity="0.55" type="0"/>
    <Peak1D F1="1.9068" intensity="0.55" type="0"/>
    <Peak1D F1="1.9053" intensity="0.57" type="0"/>
    <Peak1D F1="1.9005" intensity="0.48" type="0"/>
    <Peak1D F1="1.8924" intensity="4.87" type="0"/>
    <Peak1D F1="1.8831" intensity="12.43" type="0"/>
    <Peak1D F1="1.8807" intensity="12.97" type="0"/>
    <Peak1D F1="1.8772" intensity="10.78" type="0"/>
    <Peak1D F1="1.8744" intensity="9.47" type="0"/>
    <Peak1D F1="1.8713" intensity="8.76" type="0"/>
    <Peak1D F1="1.8673" intensity="10.67" type="0"/>
    <Peak1D F1="1.8608" intensity="13.14" type="0"/>
    <Peak1D F1="1.8589" intensity="13.63" type="0"/>
    <Peak1D F1="1.8550" intensity="11.16" type="0"/>
    <Peak1D F1="1.8527" intensity="10.31" type="0"/>
    <Peak1D F1="1.8465" intensity="4.70" type="0"/>
    <Peak1D F1="1.8372" intensity="0.42" type="0"/>
    <Peak1D F1="1.8341" intensity="0.55" type="0"/>
    <Peak1D F1="1.8289" intensity="0.47" type="0"/>
    <Peak1D F1="1.8124" intensity="1.27" type="0"/>
    <Peak1D F1="1.8002" intensity="5.07" type="0"/>
    <Peak1D F1="1.7780" intensity="200.00" type="0"/>
    <Peak1D F1="1.7529" intensity="6.88" type="0"/>
    <Peak1D F1="1.7365" intensity="2.46" type="0"/>
    <Peak1D F1="1.7165" intensity="0.20" type="0"/>
    <Peak1D F1="1.7156" intensity="0.21" type="0"/>
    <Peak1D F1="1.7096" intensity="0.22" type="0"/>
    <Peak1D F1="1.7028" intensity="0.19" type="0"/>
    <Peak1D F1="1.6963" intensity="0.16" type="0"/>
    <Peak1D F1="1.6897" intensity="0.22" type="0"/>
    <Peak1D F1="1.6844" intensity="0.34" type="0"/>
    <Peak1D F1="1.6718" annotation="H2O" intensity="1.36" type="5"/>
    <Peak1D F1="1.6628" intensity="0.20" type="0"/>
    <Peak1D F1="1.6564" intensity="0.21" type="0"/>
    <Peak1D F1="1.6524" intensity="0.27" type="0"/>
    <Peak1D F1="1.6507" intensity="0.25" type="0"/>
    <Peak1D F1="1.6465" intensity="0.27" type="0"/>
    <Peak1D F1="1.6424" intensity="0.17" type="0"/>
    <Peak1D F1="1.6363" intensity="0.09" type="0"/>
    <Peak1D F1="1.6345" intensity="0.10" type="0"/>
    <Peak1D F1="1.6220" intensity="0.26" type="0"/>
    <Peak1D F1="1.6178" intensity="0.26" type="0"/>
    <Peak1D F1="1.6087" intensity="0.29" type="0"/>
    <Peak1D F1="1.6055" intensity="0.27" type="0"/>
    <Peak1D F1="1.6012" intensity="0.30" type="0"/>
    <Peak1D F1="1.5985" intensity="0.23" type="0"/>
    <Peak1D F1="1.5950" intensity="0.27" type="0"/>
    <Peak1D F1="1.5897" intensity="0.25" type="0"/>
    <Peak1D F1="1.5852" intensity="0.17" type="0"/>
    <Peak1D F1="1.5842" intensity="0.17" type="0"/>
    <Peak1D F1="1.5811" intensity="0.19" type="0"/>
    <Peak1D F1="1.5777" intensity="0.18" type="0"/>
    <Peak1D F1="1.5713" intensity="0.12" type="0"/>
    <Peak1D F1="1.5685" intensity="0.11" type="0"/>
    <Peak1D F1="1.5597" intensity="0.06" type="0"/>
    <Peak1D F1="1.5565" intensity="0.05" type="0"/>
    <Peak1D F1="1.5554" intensity="0.05" type="0"/>
    <Peak1D F1="1.5516" intensity="0.03" type="0"/>
    <Peak1D F1="1.5481" intensity="0.05" type="0"/>
    <Peak1D F1="1.5450" intensity="0.04" type="0"/>
    <Peak1D F1="1.5434" intensity="0.04" type="0"/>
    <Peak1D F1="1.5406" intensity="0.04" type="0"/>
    <Peak1D F1="1.5396" intensity="0.04" type="0"/>
    <Peak1D F1="1.5371" intensity="0.05" type="0"/>
    <Peak1D F1="1.5345" intensity="0.04" type="0"/>
    <Peak1D F1="1.5327" intensity="0.05" type="0"/>
    <Peak1D F1="1.5264" intensity="0.05" type="0"/>
    <Peak1D F1="1.5217" intensity="0.07" type="0"/>
    <Peak1D F1="1.5170" intensity="0.04" type="0"/>
    <Peak1D F1="1.5145" intensity="0.05" type="0"/>
    <Peak1D F1="1.5107" intensity="0.07" type="0"/>
    <Peak1D F1="1.5060" intensity="0.05" type="0"/>
    <Peak1D F1="1.5027" intensity="0.10" type="0"/>
    <Peak1D F1="1.5000" intensity="0.08" type="0"/>
    <Peak1D F1="1.4979" intensity="0.09" type="0"/>
    <Peak1D F1="1.4920" intensity="0.09" type="0"/>
    <Peak1D F1="1.4690" intensity="0.40" type="0"/>
    <Peak1D F1="1.4619" intensity="0.38" type="0"/>
    <Peak1D F1="1.4561" intensity="0.14" type="0"/>
    <Peak1D F1="1.4471" intensity="0.52" type="0"/>
    <Peak1D F1="1.4413" intensity="0.59" type="0"/>
    <Peak1D F1="1.4280" intensity="0.45" type="0"/>
    <Peak1D F1="1.4256" intensity="0.38" type="0"/>
    <Peak1D F1="1.4222" intensity="0.51" type="0"/>
    <Peak1D F1="1.4123" intensity="0.08" type="0"/>
    <Peak1D F1="1.4066" intensity="0.18" type="0"/>
    <Peak1D F1="1.3996" intensity="0.38" type="0"/>
    <Peak1D F1="1.3933" intensity="0.07" type="0"/>
    <Peak1D F1="1.3859" intensity="0.23" type="0"/>
    <Peak1D F1="1.3796" intensity="0.12" type="0"/>
    <Peak1D F1="1.3758" intensity="0.12" type="0"/>
    <Peak1D F1="1.3647" intensity="7.07" type="0"/>
    <Peak1D F1="1.3567" intensity="7.29" type="0"/>
    <Peak1D F1="1.3434" intensity="11.05" type="0"/>
    <Peak1D F1="1.3392" intensity="10.14" type="0"/>
    <Peak1D F1="1.3363" intensity="10.86" type="0"/>
    <Peak1D F1="1.3357" intensity="10.87" type="0"/>
    <Peak1D F1="1.3266" intensity="10.46" type="0"/>
    <Peak1D F1="1.3231" intensity="9.32" type="0"/>
    <Peak1D F1="1.3176" intensity="13.73" type="0"/>
    <Peak1D F1="1.3090" intensity="5.14" type="0"/>
    <Peak1D F1="1.3055" intensity="6.65" type="0"/>
    <Peak1D F1="1.2975" intensity="6.00" type="0"/>
    <Peak1D F1="1.2869" intensity="0.33" type="0"/>
    <Peak1D F1="1.2784" intensity="0.24" type="0"/>
    <Peak1D F1="1.2701" intensity="0.23" type="0"/>
    <Peak1D F1="1.2653" intensity="0.19" type="0"/>
    <Peak1D F1="1.2646" intensity="0.19" type="0"/>
    <Peak1D F1="1.2574" intensity="0.30" type="0"/>
    <Peak1D F1="1.2507" intensity="0.23" type="0"/>
    <Peak1D F1="1.2458" intensity="0.20" type="0"/>
    <Peak1D F1="1.2403" intensity="0.14" type="0"/>
    <Peak1D F1="1.2326" intensity="0.26" type="0"/>
    <Peak1D F1="1.2283" intensity="0.21" type="0"/>
    <Peak1D F1="1.2184" intensity="0.18" type="0"/>
    <Peak1D F1="1.2086" intensity="0.23" type="0"/>
    <Peak1D F1="1.1996" intensity="0.20" type="0"/>
    <Peak1D F1="1.1963" intensity="0.20" type="0"/>
    <Peak1D F1="1.1879" intensity="0.17" type="0"/>
    <Peak1D F1="1.1787" intensity="0.22" type="0"/>
    <Peak1D F1="1.1755" intensity="0.24" type="0"/>
    <Peak1D F1="1.1696" intensity="0.06" type="0"/>
    <Peak1D F1="1.1654" intensity="0.11" type="0"/>
    <Peak1D F1="1.1608" intensity="0.09" type="0"/>
    <Peak1D F1="1.1540" intensity="0.03" type="0"/>
    <Peak1D F1="1.1506" intensity="0.03" type="0"/>
    <Peak1D F1="1.1488" intensity="0.04" type="0"/>
    <Peak1D F1="1.1413" intensity="0.04" type="0"/>
    <Peak1D F1="1.1382" intensity="0.03" type="0"/>
    <Peak1D F1="1.1305" intensity="0.03" type="0"/>
    <Peak1D F1="1.1129" intensity="1.03" type="0"/>
    <Peak1D F1="1.1024" intensity="1.07" type="0"/>
    <Peak1D F1="1.0919" intensity="0.14" type="0"/>
    <Peak1D F1="1.0865" intensity="0.12" type="0"/>
    <Peak1D F1="1.0810" intensity="0.06" type="0"/>
    <Peak1D F1="1.0802" intensity="0.06" type="0"/>
    <Peak1D F1="1.0754" intensity="0.14" type="0"/>
    <Peak1D F1="1.0718" intensity="0.21" type="0"/>
    <Peak1D F1="1.0645" intensity="0.18" type="0"/>
    <Peak1D F1="1.0613" intensity="0.23" type="0"/>
    <Peak1D F1="1.0584" intensity="0.19" type="0"/>
    <Peak1D F1="1.0573" intensity="0.20" type="0"/>
    <Peak1D F1="1.0542" intensity="0.22" type="0"/>
    <Peak1D F1="1.0460" intensity="4.60" type="0"/>
    <Peak1D F1="1.0354" intensity="4.94" type="0"/>
    <Peak1D F1="1.0102" intensity="150.51" type="0"/>
    <Peak1D F1="0.9996" intensity="167.75" type="0"/>
    <Peak1D F1="0.9832" intensity="3.10" type="0"/>
    <Peak1D F1="0.9726" intensity="0.79" type="0"/>
    <Peak1D F1="0.9667" intensity="0.82" type="0"/>
    <Peak1D F1="0.9613" intensity="0.55" type="0"/>
    <Peak1D F1="0.9550" intensity="2.41" type="0"/>
    <Peak1D F1="0.9443" intensity="2.25" type="0"/>
    <Peak1D F1="0.9353" intensity="0.33" type="0"/>
    <Peak1D F1="0.9320" intensity="0.36" type="0"/>
    <Peak1D F1="0.9268" intensity="0.46" type="0"/>
    <Peak1D F1="0.9199" intensity="0.40" type="0"/>
    <Peak1D F1="0.9157" intensity="0.41" type="0"/>
    <Peak1D F1="0.9084" intensity="0.39" type="0"/>
    <Peak1D F1="0.9043" intensity="1.06" type="0"/>
    <Peak1D F1="0.8938" intensity="1.16" type="0"/>
    <Peak1D F1="0.8847" intensity="0.25" type="0"/>
    <Peak1D F1="0.8814" intensity="0.31" type="0"/>
    <Peak1D F1="0.8777" intensity="0.41" type="0"/>
    <Peak1D F1="0.8672" intensity="0.44" type="0"/>
    <Peak1D F1="0.8592" intensity="0.50" type="0"/>
    <Peak1D F1="0.8541" intensity="0.25" type="0"/>
    <Peak1D F1="0.8481" intensity="0.38" type="0"/>
    <Peak1D F1="0.8427" intensity="0.23" type="0"/>
    <Peak1D F1="0.8311" intensity="0.11" type="0"/>
    <Peak1D F1="0.8264" intensity="0.09" type="0"/>
    <Peak1D F1="0.8225" intensity="0.08" type="0"/>
    <Peak1D F1="0.8158" intensity="0.05" type="0"/>
    <Peak1D F1="0.8147" intensity="0.05" type="0"/>
    <Peak1D F1="0.8134" intensity="0.05" type="0"/>
    <Peak1D F1="0.8111" intensity="0.05" type="0"/>
    <Peak1D F1="0.8089" intensity="0.05" type="0"/>
    <Peak1D F1="0.8082" intensity="0.05" type="0"/>
    <Peak1D F1="0.8038" intensity="0.05" type="0"/>
    <Peak1D F1="0.8028" intensity="0.04" type="0"/>
    <Peak1D F1="0.8004" intensity="0.04" type="0"/>
    <Peak1D F1="0.7987" intensity="0.04" type="0"/>
    <Peak1D F1="0.7974" intensity="0.05" type="0"/>
    <Peak1D F1="0.7958" intensity="0.04" type="0"/>
    <Peak1D F1="0.7947" intensity="0.04" type="0"/>
    <Peak1D F1="0.7931" intensity="0.04" type="0"/>
    <Peak1D F1="0.7926" intensity="0.04" type="0"/>
    <Peak1D F1="0.7911" intensity="0.04" type="0"/>
    <Peak1D F1="0.7883" intensity="0.04" type="0"/>
    <Peak1D F1="0.7849" intensity="0.06" type="0"/>
    <Peak1D F1="0.7802" intensity="0.04" type="0"/>
    <Peak1D F1="0.7794" intensity="0.04" type="0"/>
    <Peak1D F1="0.7789" intensity="0.04" type="0"/>
    <Peak1D F1="0.7770" intensity="0.04" type="0"/>
    <Peak1D F1="0.7752" intensity="0.04" type="0"/>
    <Peak1D F1="0.7732" intensity="0.04" type="0"/>
    <Peak1D F1="0.7704" intensity="0.04" type="0"/>
    <Peak1D F1="0.7691" intensity="0.03" type="0"/>
    <Peak1D F1="0.7681" intensity="0.03" type="0"/>
    <Peak1D F1="0.7658" intensity="0.03" type="0"/>
    <Peak1D F1="0.7650" intensity="0.03" type="0"/>
    <Peak1D F1="0.7635" intensity="0.04" type="0"/>
    <Peak1D F1="0.7616" intensity="0.04" type="0"/>
    <Peak1D F1="0.7582" intensity="0.03" type="0"/>
    <Peak1D F1="0.7560" intensity="0.03" type="0"/>
    <Peak1D F1="0.7553" intensity="0.03" type="0"/>
    <Peak1D F1="0.7531" intensity="0.03" type="0"/>
    <Peak1D F1="0.7516" intensity="0.03" type="0"/>
    <Peak1D F1="0.7510" intensity="0.03" type="0"/>
    <Peak1D F1="0.7499" intensity="0.03" type="0"/>
    <Peak1D F1="0.7475" intensity="0.03" type="0"/>
    <Peak1D F1="0.7467" intensity="0.03" type="0"/>
    <Peak1D F1="0.7435" intensity="0.03" type="0"/>
    <Peak1D F1="0.7424" intensity="0.03" type="0"/>
    <Peak1D F1="0.7416" intensity="0.03" type="0"/>
    <Peak1D F1="0.7408" intensity="0.03" type="0"/>
    <Peak1D F1="0.7373" intensity="0.03" type="0"/>
    <Peak1D F1="0.7358" intensity="0.03" type="0"/>
    <Peak1D F1="0.7337" intensity="0.03" type="0"/>
    <Peak1D F1="0.7326" intensity="0.03" type="0"/>
    <Peak1D F1="0.7316" intensity="0.03" type="0"/>
    <Peak1D F1="0.7295" intensity="0.03" type="0"/>
    <Peak1D F1="0.7259" intensity="0.02" type="0"/>
    <Peak1D F1="0.7252" intensity="0.03" type="0"/>
    <Peak1D F1="0.7238" intensity="0.03" type="0"/>
    <Peak1D F1="0.7223" intensity="0.03" type="0"/>
    <Peak1D F1="0.7205" intensity="0.03" type="0"/>
    <Peak1D F1="0.7188" intensity="0.03" type="0"/>
    <Peak1D F1="0.7167" intensity="0.02" type="0"/>
    <Peak1D F1="0.7153" intensity="0.02" type="0"/>
    <Peak1D F1="0.7147" intensity="0.02" type="0"/>
    <Peak1D F1="0.7134" intensity="0.03" type="0"/>
    <Peak1D F1="0.7119" intensity="0.03" type="0"/>
    <Peak1D F1="0.7109" intensity="0.03" type="0"/>
    <Peak1D F1="0.7090" intensity="0.03" type="0"/>
    <Peak1D F1="0.7080" intensity="0.03" type="0"/>
    <Peak1D F1="0.7061" intensity="0.02" type="0"/>
    <Peak1D F1="0.7050" intensity="0.02" type="0"/>
    <Peak1D F1="0.7023" intensity="0.03" type="0"/>
    <Peak1D F1="0.6984" intensity="0.03" type="0"/>
    <Peak1D F1="0.6973" intensity="0.03" type="0"/>
    <Peak1D F1="0.6954" intensity="0.02" type="0"/>
    <Peak1D F1="0.6934" intensity="0.02" type="0"/>
    <Peak1D F1="0.6910" intensity="0.03" type="0"/>
    <Peak1D F1="0.6903" intensity="0.03" type="0"/>
    <Peak1D F1="0.6879" intensity="0.02" type="0"/>
    <Peak1D F1="0.6867" intensity="0.02" type="0"/>
    <Peak1D F1="0.6863" intensity="0.02" type="0"/>
    <Peak1D F1="0.6856" intensity="0.02" type="0"/>
    <Peak1D F1="0.6840" intensity="0.02" type="0"/>
    <Peak1D F1="0.6830" intensity="0.02" type="0"/>
    <Peak1D F1="0.6805" intensity="0.02" type="0"/>
    <Peak1D F1="0.6771" intensity="0.03" type="0"/>
    <Peak1D F1="0.6754" intensity="0.02" type="0"/>
    <Peak1D F1="0.6737" intensity="0.02" type="0"/>
    <Peak1D F1="0.6710" intensity="0.02" type="0"/>
    <Peak1D F1="0.6695" intensity="0.02" type="0"/>
    <Peak1D F1="0.6667" intensity="0.03" type="0"/>
    <Peak1D F1="0.6624" intensity="0.02" type="0"/>
    <Peak1D F1="0.6618" intensity="0.02" type="0"/>
    <Peak1D F1="0.6601" intensity="0.02" type="0"/>
    <Peak1D F1="0.6597" intensity="0.02" type="0"/>
    <Peak1D F1="0.6580" intensity="0.02" type="0"/>
    <Peak1D F1="0.6532" intensity="0.02" type="0"/>
    <Peak1D F1="0.6506" intensity="0.02" type="0"/>
    <Peak1D F1="0.6485" intensity="0.02" type="0"/>
    <Peak1D F1="0.6165" intensity="0.02" type="0"/>
    <Peak1D F1="0.6155" intensity="0.02" type="0"/>
    <Peak1D F1="0.0789" annotation="TMS" intensity="0.03" type="5"/>
    <Peak1D F1="0.0729" annotation="TMS" intensity="0.81" type="5"/>
    <Peak1D F1="0.0668" annotation="TMS" intensity="0.04" type="5"/>
  </PeakList1D>
</PeakList>
