<?xml version="1.0" encoding="UTF-8"?>
<PeakList modified="2017-01-25T10:54:45">
  <PeakList2D>
    <PeakList2DHeader creator="liermann@OCNMR99" date="2017-01-25T10:54:45" expNo="5" name="(+)-pulegon_89-82-7" owner="liermann" procNo="1" source="//ocnmr1.chemie.uni-mainz.de/admin/JGU-NMR/Lehre/chemikalienlager">
      <PeakPickDetails># F2 peak picking range ( ppm )
# 2 F1P=9.50692844390869, 2 F2P=-0.506927528323009
# F1 peak picking range ( ppm )
# 1 F1P=152.826995849609, 1 F2P=-12.84255109699518
# MI=0.001 (= 104350.07225), MAXI=1.0 (= 1.0435007225E8)
# PEAK RESOL.=1, INTERPOL. TYPE=PARABOLIC, DIAG. GAP=-1, MAX. # PEAKS=2147483647
</PeakPickDetails>
    </PeakList2DHeader>
    <Peak2D F1="152.8270" F2="2.0032" intensity="-134279.70" type="0"/>
    <Peak2D F1="152.8270" F2="1.9682" intensity="503561.63" type="0"/>
    <Peak2D F1="152.7355" F2="1.0085" intensity="-290427.17" type="0"/>
    <Peak2D F1="152.5370" F2="0.9826" intensity="119651.18" type="0"/>
    <Peak2D F1="152.5331" F2="1.9549" intensity="-229839.95" type="0"/>
    <Peak2D F1="152.4096" F2="1.7855" intensity="-336801.10" type="0"/>
    <Peak2D F1="150.0798" F2="1.9764" intensity="129336.71" type="0"/>
    <Peak2D F1="149.5489" F2="1.7693" intensity="177772.17" type="0"/>
    <Peak2D F1="149.3396" F2="1.7835" intensity="-200201.93" type="0"/>
    <Peak2D F1="149.2491" F2="1.9675" intensity="121088.36" type="0"/>
    <Peak2D F1="148.5808" F2="1.9767" intensity="229719.36" type="0"/>
    <Peak2D F1="147.9082" F2="1.7824" intensity="-763573.42" type="0"/>
    <Peak2D F1="147.9068" F2="2.0262" intensity="-109488.89" type="0"/>
    <Peak2D F1="147.5121" F2="1.9770" intensity="-659685.35" type="0"/>
    <Peak2D F1="146.9183" F2="1.7822" intensity="638789.84" type="0"/>
    <Peak2D F1="146.7420" F2="1.7691" intensity="-313778.68" type="0"/>
    <Peak2D F1="146.0040" F2="1.9766" intensity="-152924.44" type="0"/>
    <Peak2D F1="145.6930" F2="1.0180" intensity="-264093.69" type="0"/>
    <Peak2D F1="145.6686" F2="0.9943" intensity="215352.76" type="0"/>
    <Peak2D F1="145.5015" F2="1.7821" intensity="202228.95" type="0"/>
    <Peak2D F1="144.2557" F2="1.9882" intensity="122341.30" type="0"/>
    <Peak2D F1="144.1650" F2="1.7815" intensity="134900.15" type="0"/>
    <Peak2D F1="143.5138" F2="1.9761" intensity="-244836.44" type="0"/>
    <Peak2D F1="142.8012" F2="1.8996" intensity="352872.73" type="0"/>
    <Peak2D F1="142.7259" F2="1.9788" intensity="227480.63" type="0"/>
    <Peak2D F1="142.5325" F2="1.9391" intensity="117295.97" type="0"/>
    <Peak2D F1="142.3909" F2="1.9089" intensity="401702.49" type="0"/>
    <Peak2D F1="142.2163" F2="1.7689" intensity="337455.24" type="0"/>
    <Peak2D F1="142.0379" F2="1.7150" intensity="357433.42" type="0"/>
    <Peak2D F1="142.0249" F2="1.7528" intensity="135615.57" type="0"/>
    <Peak2D F1="142.0246" F2="1.7359" intensity="143400.20" type="0"/>
    <Peak2D F1="142.0210" F2="1.8959" intensity="-318484.29" type="0"/>
    <Peak2D F1="141.8196" F2="1.9772" intensity="-647337.63" type="0"/>
    <Peak2D F1="141.8013" F2="1.7829" intensity="-533215.47" type="0"/>
    <Peak2D F1="141.7041" F2="1.7028" intensity="-699034.63" type="0"/>
    <Peak2D F1="141.2076" F2="1.6905" intensity="186801.33" type="0"/>
    <Peak2D F1="140.4929" F2="1.9780" intensity="-135057.97" type="0"/>
    <Peak2D F1="139.6514" F2="1.0007" intensity="-115311.20" type="0"/>
    <Peak2D F1="139.1978" F2="1.7677" intensity="135085.69" type="0"/>
    <Peak2D F1="139.1188" F2="1.7823" intensity="-210112.09" type="0"/>
    <Peak2D F1="138.9765" F2="0.9487" intensity="128164.16" type="0"/>
    <Peak2D F1="138.5709" F2="0.9269" intensity="-245192.35" type="0"/>
    <Peak2D F1="138.0801" F2="0.7716" intensity="165184.85" type="0"/>
    <Peak2D F1="137.7512" F2="0.7267" intensity="-116698.51" type="0"/>
    <Peak2D F1="136.8680" F2="1.7827" intensity="185746.05" type="0"/>
    <Peak2D F1="136.2726" F2="1.9761" intensity="132900.88" type="0"/>
    <Peak2D F1="135.4120" F2="1.7800" intensity="148614.33" type="0"/>
    <Peak2D F1="133.5659" F2="1.7807" intensity="-133993.45" type="0"/>
    <Peak2D F1="132.9386" F2="0.9993" intensity="-115159.11" type="0"/>
    <Peak2D F1="132.6891" F2="1.7813" intensity="143112.20" type="0"/>
    <Peak2D F1="131.7453" F2="1.7813" intensity="-269743.55" type="0"/>
    <Peak2D F1="131.4992" F2="1.9758" intensity="-258013.58" type="0"/>
    <Peak2D F1="128.1542" F2="1.7822" intensity="-108815.13" type="0"/>
    <Peak2D F1="127.2417" F2="1.0039" intensity="149001.98" type="0"/>
    <Peak2D F1="127.0044" F2="1.9773" intensity="-139636.74" type="0"/>
    <Peak2D F1="126.7597" F2="1.7700" intensity="130969.92" type="0"/>
    <Peak2D F1="126.4063" F2="1.7824" intensity="-193351.48" type="0"/>
    <Peak2D F1="122.9312" F2="1.7812" intensity="191427.01" type="0"/>
    <Peak2D F1="121.3035" F2="1.7717" intensity="-107478.32" type="0"/>
    <Peak2D F1="121.2778" F2="1.9775" intensity="-133631.52" type="0"/>
    <Peak2D F1="118.4394" F2="5.7028" intensity="562438.73" type="0"/>
    <Peak2D F1="117.4259" F2="1.7823" intensity="-151194.04" type="0"/>
    <Peak2D F1="116.3959" F2="1.7830" intensity="110277.71" type="0"/>
    <Peak2D F1="114.8203" F2="1.7709" intensity="109025.10" type="0"/>
    <Peak2D F1="114.1808" F2="1.9769" intensity="139195.60" type="0"/>
    <Peak2D F1="113.6012" F2="1.7819" intensity="228975.31" type="0"/>
    <Peak2D F1="112.8770" F2="4.7244" intensity="-1623400.16" type="0"/>
    <Peak2D F1="112.8721" F2="4.9398" intensity="-1695083.83" type="0"/>
    <Peak2D F1="112.6089" F2="4.7938" intensity="-524439.96" type="0"/>
    <Peak2D F1="112.5893" F2="4.9695" intensity="-508914.84" type="0"/>
    <Peak2D F1="108.6657" F2="1.7818" intensity="-193586.32" type="0"/>
    <Peak2D F1="107.2290" F2="1.7819" intensity="-115507.02" type="0"/>
    <Peak2D F1="106.2575" F2="1.7707" intensity="-106770.32" type="0"/>
    <Peak2D F1="105.5914" F2="1.7811" intensity="-106800.87" type="0"/>
    <Peak2D F1="103.8188" F2="1.7826" intensity="195314.13" type="0"/>
    <Peak2D F1="103.7753" F2="1.9674" intensity="105724.89" type="0"/>
    <Peak2D F1="103.6041" F2="1.7693" intensity="-139096.97" type="0"/>
    <Peak2D F1="102.7224" F2="1.7829" intensity="-118990.96" type="0"/>
    <Peak2D F1="100.2699" F2="1.7809" intensity="-123628.90" type="0"/>
    <Peak2D F1="100.0784" F2="1.9775" intensity="123391.02" type="0"/>
    <Peak2D F1="98.3280" F2="1.7811" intensity="153782.26" type="0"/>
    <Peak2D F1="97.8581" F2="1.9773" intensity="-135341.71" type="0"/>
    <Peak2D F1="97.8310" F2="1.7711" intensity="-135351.21" type="0"/>
    <Peak2D F1="96.0442" F2="1.7805" intensity="-152941.48" type="0"/>
    <Peak2D F1="89.4763" F2="1.7816" intensity="172008.77" type="0"/>
    <Peak2D F1="85.2485" F2="1.9765" intensity="149208.45" type="0"/>
    <Peak2D F1="83.2047" F2="1.9773" intensity="-120380.74" type="0"/>
    <Peak2D F1="83.0997" F2="1.0025" intensity="118787.88" type="0"/>
    <Peak2D F1="80.6274" F2="1.7824" intensity="114635.25" type="0"/>
    <Peak2D F1="78.5892" F2="1.7820" intensity="-122474.38" type="0"/>
    <Peak2D F1="78.4240" F2="1.9777" intensity="-124059.21" type="0"/>
    <Peak2D F1="77.7560" F2="7.2795" intensity="-311559.41" type="0"/>
    <Peak2D F1="76.9849" F2="7.2790" intensity="518270.90" type="0"/>
    <Peak2D F1="76.1987" F2="1.7820" intensity="114705.23" type="0"/>
    <Peak2D F1="75.3490" F2="1.9766" intensity="-150631.39" type="0"/>
    <Peak2D F1="74.5204" F2="1.7821" intensity="-130040.79" type="0"/>
    <Peak2D F1="74.1258" F2="1.0011" intensity="-117776.00" type="0"/>
    <Peak2D F1="73.4696" F2="1.9765" intensity="-130665.20" type="0"/>
    <Peak2D F1="72.4304" F2="1.7808" intensity="-133685.79" type="0"/>
    <Peak2D F1="66.6228" F2="1.7827" intensity="133188.55" type="0"/>
    <Peak2D F1="66.3665" F2="1.7706" intensity="-144552.70" type="0"/>
    <Peak2D F1="64.4650" F2="1.9773" intensity="113504.12" type="0"/>
    <Peak2D F1="63.4935" F2="1.7826" intensity="174109.01" type="0"/>
    <Peak2D F1="62.6311" F2="1.7822" intensity="-162345.55" type="0"/>
    <Peak2D F1="62.1709" F2="1.9772" intensity="-123340.72" type="0"/>
    <Peak2D F1="61.1513" F2="1.7823" intensity="-159454.80" type="0"/>
    <Peak2D F1="60.9148" F2="1.0090" intensity="-133341.31" type="0"/>
    <Peak2D F1="58.9898" F2="1.7831" intensity="130489.61" type="0"/>
    <Peak2D F1="57.7120" F2="2.9513" intensity="493596.39" type="0"/>
    <Peak2D F1="57.7012" F2="2.9733" intensity="499030.16" type="0"/>
    <Peak2D F1="57.3103" F2="1.7827" intensity="138705.17" type="0"/>
    <Peak2D F1="56.6066" F2="1.9969" intensity="130065.06" type="0"/>
    <Peak2D F1="56.1725" F2="1.7817" intensity="-109863.91" type="0"/>
    <Peak2D F1="55.8935" F2="2.5037" intensity="287267.12" type="0"/>
    <Peak2D F1="55.7025" F2="2.0448" intensity="-146011.90" type="0"/>
    <Peak2D F1="55.6468" F2="2.0189" intensity="-245091.04" type="0"/>
    <Peak2D F1="55.6305" F2="1.9965" intensity="-172805.39" type="0"/>
    <Peak2D F1="55.4107" F2="1.9762" intensity="-254429.39" type="0"/>
    <Peak2D F1="54.7300" F2="2.4840" intensity="-455143.92" type="0"/>
    <Peak2D F1="54.6666" F2="2.5133" intensity="-242363.37" type="0"/>
    <Peak2D F1="54.2931" F2="1.9769" intensity="137408.87" type="0"/>
    <Peak2D F1="54.2496" F2="1.7709" intensity="-125415.61" type="0"/>
    <Peak2D F1="54.0971" F2="2.0160" intensity="-148214.05" type="0"/>
    <Peak2D F1="53.9765" F2="1.9655" intensity="-116681.02" type="0"/>
    <Peak2D F1="53.4999" F2="1.9984" intensity="146526.21" type="0"/>
    <Peak2D F1="53.4306" F2="2.5036" intensity="244368.58" type="0"/>
    <Peak2D F1="53.3492" F2="2.4838" intensity="-248461.73" type="0"/>
    <Peak2D F1="53.1751" F2="1.9766" intensity="-211192.99" type="0"/>
    <Peak2D F1="53.1223" F2="2.5174" intensity="-185810.59" type="0"/>
    <Peak2D F1="52.9469" F2="2.5032" intensity="291720.48" type="0"/>
    <Peak2D F1="52.9412" F2="1.9983" intensity="146663.06" type="0"/>
    <Peak2D F1="52.8094" F2="1.0077" intensity="157517.86" type="0"/>
    <Peak2D F1="52.6616" F2="2.5173" intensity="-213484.16" type="0"/>
    <Peak2D F1="52.6056" F2="2.0161" intensity="-300728.06" type="0"/>
    <Peak2D F1="52.2757" F2="2.5040" intensity="414793.88" type="0"/>
    <Peak2D F1="52.2281" F2="1.9975" intensity="393758.18" type="0"/>
    <Peak2D F1="52.1081" F2="1.7811" intensity="-140748.93" type="0"/>
    <Peak2D F1="52.0066" F2="2.4847" intensity="-755916.06" type="0"/>
    <Peak2D F1="52.0022" F2="2.0455" intensity="-199024.00" type="0"/>
    <Peak2D F1="51.9954" F2="2.0158" intensity="-431686.92" type="0"/>
    <Peak2D F1="51.9883" F2="1.9647" intensity="-346068.51" type="0"/>
    <Peak2D F1="51.9763" F2="2.5166" intensity="-400410.34" type="0"/>
    <Peak2D F1="51.7265" F2="2.0265" intensity="516238.37" type="0"/>
    <Peak2D F1="51.7216" F2="2.4731" intensity="271641.46" type="0"/>
    <Peak2D F1="51.6778" F2="1.9981" intensity="808491.92" type="0"/>
    <Peak2D F1="51.6220" F2="2.5036" intensity="1531581.29" type="0"/>
    <Peak2D F1="51.4431" F2="1.0144" intensity="135198.58" type="0"/>
    <Peak2D F1="51.2261" F2="3.0472" intensity="330856.73" type="0"/>
    <Peak2D F1="51.2179" F2="1.4553" intensity="-111517.05" type="0"/>
    <Peak2D F1="51.1714" F2="0.9982" intensity="-159901.27" type="0"/>
    <Peak2D F1="51.1694" F2="2.4961" intensity="752116.61" type="0"/>
    <Peak2D F1="51.0039" F2="2.5714" intensity="-199327.22" type="0"/>
    <Peak2D F1="50.9321" F2="2.4820" annotation="G1" intensity="-18026545.00" type="0"/>
    <Peak2D F1="50.9193" F2="2.0460" annotation="G2" intensity="-8516420.85" type="0"/>
    <Peak2D F1="50.9155" F2="1.9370" intensity="567560.40" type="0"/>
    <Peak2D F1="50.8881" F2="1.8867" intensity="-157615.53" type="0"/>
    <Peak2D F1="50.8663" F2="1.9960" annotation="G2" intensity="-16541290.06" type="0"/>
    <Peak2D F1="50.8564" F2="2.5068" annotation="G1" intensity="-18630249.66" type="0"/>
    <Peak2D F1="50.8512" F2="2.0236" annotation="G2" intensity="-12456398.06" type="0"/>
    <Peak2D F1="50.6969" F2="2.4234" intensity="-573601.59" type="0"/>
    <Peak2D F1="50.6802" F2="1.0097" intensity="-432623.34" type="0"/>
    <Peak2D F1="50.6461" F2="2.3976" intensity="-697276.04" type="0"/>
    <Peak2D F1="50.6274" F2="1.4667" intensity="156112.44" type="0"/>
    <Peak2D F1="50.5338" F2="2.5847" intensity="121407.25" type="0"/>
    <Peak2D F1="50.4993" F2="1.4405" intensity="112462.54" type="0"/>
    <Peak2D F1="50.4660" F2="3.0466" intensity="-238549.11" type="0"/>
    <Peak2D F1="50.3508" F2="1.9559" intensity="613463.34" type="0"/>
    <Peak2D F1="50.3036" F2="1.9268" intensity="-150322.67" type="0"/>
    <Peak2D F1="50.1858" F2="2.0158" intensity="772516.40" type="0"/>
    <Peak2D F1="50.1660" F2="2.4837" intensity="1255353.00" type="0"/>
    <Peak2D F1="50.1609" F2="1.9744" intensity="598349.92" type="0"/>
    <Peak2D F1="50.1399" F2="2.5170" intensity="656451.97" type="0"/>
    <Peak2D F1="50.0841" F2="2.0445" intensity="310472.75" type="0"/>
    <Peak2D F1="49.8035" F2="2.5044" intensity="-804764.46" type="0"/>
    <Peak2D F1="49.7992" F2="1.9976" intensity="-574051.40" type="0"/>
    <Peak2D F1="49.7743" F2="2.0268" intensity="-579178.62" type="0"/>
    <Peak2D F1="49.5258" F2="2.4843" intensity="469745.15" type="0"/>
    <Peak2D F1="49.5255" F2="2.0155" intensity="391038.83" type="0"/>
    <Peak2D F1="49.5150" F2="2.5177" intensity="288053.45" type="0"/>
    <Peak2D F1="49.1930" F2="1.9970" intensity="-257349.58" type="0"/>
    <Peak2D F1="49.1625" F2="2.5036" intensity="-461505.63" type="0"/>
    <Peak2D F1="49.1379" F2="2.0274" intensity="-209665.76" type="0"/>
    <Peak2D F1="48.9953" F2="2.5181" intensity="192744.21" type="0"/>
    <Peak2D F1="48.7633" F2="1.9726" intensity="164124.89" type="0"/>
    <Peak2D F1="48.6418" F2="2.5036" intensity="-383092.56" type="0"/>
    <Peak2D F1="48.4726" F2="2.0270" intensity="-178810.16" type="0"/>
    <Peak2D F1="48.4652" F2="1.9985" intensity="-168329.14" type="0"/>
    <Peak2D F1="48.2612" F2="2.5180" intensity="153662.02" type="0"/>
    <Peak2D F1="48.2528" F2="2.2096" intensity="-110726.84" type="0"/>
    <Peak2D F1="48.2368" F2="2.3891" intensity="-182176.02" type="0"/>
    <Peak2D F1="48.2147" F2="2.1733" intensity="-168667.02" type="0"/>
    <Peak2D F1="48.2104" F2="2.1922" intensity="-161784.10" type="0"/>
    <Peak2D F1="48.2079" F2="2.4105" intensity="-110699.55" type="0"/>
    <Peak2D F1="48.2062" F2="2.4843" intensity="212012.37" type="0"/>
    <Peak2D F1="48.1620" F2="2.0155" intensity="185869.43" type="0"/>
    <Peak2D F1="47.9672" F2="1.9969" intensity="-151911.67" type="0"/>
    <Peak2D F1="47.6592" F2="2.0273" intensity="-174394.68" type="0"/>
    <Peak2D F1="47.4483" F2="1.9652" intensity="155727.96" type="0"/>
    <Peak2D F1="47.2929" F2="1.9781" intensity="-133645.79" type="0"/>
    <Peak2D F1="47.0810" F2="2.5056" intensity="-430907.46" type="0"/>
    <Peak2D F1="47.0262" F2="2.4758" intensity="-174242.53" type="0"/>
    <Peak2D F1="46.2056" F2="1.9961" intensity="-283277.02" type="0"/>
    <Peak2D F1="46.1645" F2="2.0473" intensity="-110657.09" type="0"/>
    <Peak2D F1="46.0962" F2="2.0258" intensity="-244451.18" type="0"/>
    <Peak2D F1="45.9640" F2="2.4784" intensity="151818.73" type="0"/>
    <Peak2D F1="45.7911" F2="2.5028" intensity="-211054.25" type="0"/>
    <Peak2D F1="45.7137" F2="1.9669" intensity="114970.94" type="0"/>
    <Peak2D F1="45.3525" F2="1.7713" intensity="144504.41" type="0"/>
    <Peak2D F1="45.1556" F2="2.0162" intensity="133543.27" type="0"/>
    <Peak2D F1="44.8600" F2="2.4847" intensity="166637.51" type="0"/>
    <Peak2D F1="44.3168" F2="1.7811" intensity="-118790.30" type="0"/>
    <Peak2D F1="43.3486" F2="1.9757" intensity="165573.85" type="0"/>
    <Peak2D F1="43.2544" F2="1.7821" intensity="137286.15" type="0"/>
    <Peak2D F1="42.1228" F2="1.9852" intensity="131908.85" type="0"/>
    <Peak2D F1="41.8579" F2="2.5040" intensity="-107559.85" type="0"/>
    <Peak2D F1="39.6242" F2="1.9868" intensity="122789.85" type="0"/>
    <Peak2D F1="39.0881" F2="1.3574" intensity="-169741.08" type="0"/>
    <Peak2D F1="39.0527" F2="1.3406" intensity="-373940.74" type="0"/>
    <Peak2D F1="39.0411" F2="1.3232" intensity="-307223.92" type="0"/>
    <Peak2D F1="38.9939" F2="1.7829" intensity="147368.22" type="0"/>
    <Peak2D F1="38.2836" F2="1.9760" intensity="-191104.03" type="0"/>
    <Peak2D F1="37.9263" F2="1.8632" intensity="-270085.51" type="0"/>
    <Peak2D F1="37.3723" F2="2.0271" intensity="-110739.44" type="0"/>
    <Peak2D F1="36.5213" F2="1.9896" intensity="262714.80" type="0"/>
    <Peak2D F1="36.4439" F2="2.0015" intensity="233471.90" type="0"/>
    <Peak2D F1="36.2351" F2="1.9681" intensity="202795.51" type="0"/>
    <Peak2D F1="36.2204" F2="1.0086" intensity="131183.48" type="0"/>
    <Peak2D F1="35.3143" F2="1.8790" intensity="220450.80" type="0"/>
    <Peak2D F1="35.3133" F2="1.3102" intensity="117370.01" type="0"/>
    <Peak2D F1="35.2629" F2="1.9063" intensity="210839.49" type="0"/>
    <Peak2D F1="35.1719" F2="2.0260" intensity="-149213.25" type="0"/>
    <Peak2D F1="35.1286" F2="1.3420" intensity="-150053.87" type="0"/>
    <Peak2D F1="34.9434" F2="1.9890" intensity="200178.86" type="0"/>
    <Peak2D F1="34.6947" F2="1.3419" intensity="-155960.44" type="0"/>
    <Peak2D F1="34.6309" F2="1.3236" intensity="-124270.25" type="0"/>
    <Peak2D F1="34.3301" F2="1.8908" intensity="-259383.13" type="0"/>
    <Peak2D F1="34.2282" F2="1.2945" intensity="121653.96" type="0"/>
    <Peak2D F1="34.1938" F2="1.8489" intensity="236318.72" type="0"/>
    <Peak2D F1="34.1601" F2="1.3295" intensity="134334.00" type="0"/>
    <Peak2D F1="34.0926" F2="1.3109" intensity="175715.52" type="0"/>
    <Peak2D F1="33.9945" F2="1.8877" intensity="-306588.54" type="0"/>
    <Peak2D F1="33.9355" F2="1.3658" intensity="-173550.55" type="0"/>
    <Peak2D F1="33.9294" F2="1.3431" intensity="-226504.42" type="0"/>
    <Peak2D F1="33.8860" F2="1.8630" intensity="-340315.88" type="0"/>
    <Peak2D F1="33.8830" F2="1.4678" intensity="-153963.44" type="0"/>
    <Peak2D F1="33.8562" F2="1.4465" intensity="-336007.48" type="0"/>
    <Peak2D F1="33.8329" F2="1.4210" intensity="-344544.62" type="0"/>
    <Peak2D F1="33.8329" F2="1.4212" intensity="-344627.53" type="0"/>
    <Peak2D F1="33.7849" F2="2.1138" intensity="-153568.36" type="0"/>
    <Peak2D F1="33.7568" F2="1.9202" intensity="-408421.05" type="0"/>
    <Peak2D F1="33.7559" F2="1.9475" intensity="-530079.65" type="0"/>
    <Peak2D F1="33.7367" F2="1.9900" intensity="340744.67" type="0"/>
    <Peak2D F1="33.7094" F2="1.4006" intensity="-134945.39" type="0"/>
    <Peak2D F1="33.6847" F2="0.9969" intensity="-248552.65" type="0"/>
    <Peak2D F1="33.6604" F2="2.4843" intensity="143774.54" type="0"/>
    <Peak2D F1="33.6430" F2="1.3288" intensity="317758.88" type="0"/>
    <Peak2D F1="33.6248" F2="1.8486" intensity="549215.04" type="0"/>
    <Peak2D F1="33.6218" F2="1.8781" intensity="376573.46" type="0"/>
    <Peak2D F1="33.6145" F2="1.3116" intensity="438489.28" type="0"/>
    <Peak2D F1="33.5833" F2="1.0103" intensity="435500.91" type="0"/>
    <Peak2D F1="33.5613" F2="1.6180" intensity="-121769.98" type="0"/>
    <Peak2D F1="33.5501" F2="1.2945" intensity="371172.57" type="0"/>
    <Peak2D F1="33.5391" F2="2.7295" intensity="182890.93" type="0"/>
    <Peak2D F1="33.5133" F2="1.7821" intensity="187307.84" type="0"/>
    <Peak2D F1="33.4174" F2="2.0035" intensity="280679.66" type="0"/>
    <Peak2D F1="33.1587" F2="2.4371" intensity="144831.61" type="0"/>
    <Peak2D F1="33.1498" F2="2.1500" intensity="117166.37" type="0"/>
    <Peak2D F1="33.0944" F2="1.9591" intensity="-380988.26" type="0"/>
    <Peak2D F1="33.0594" F2="2.0271" intensity="-276505.65" type="0"/>
    <Peak2D F1="32.9439" F2="2.7428" intensity="249188.54" type="0"/>
    <Peak2D F1="32.9319" F2="2.7172" intensity="244565.47" type="0"/>
    <Peak2D F1="32.8665" F2="2.2929" intensity="337911.28" type="0"/>
    <Peak2D F1="32.8629" F2="2.2499" intensity="-924278.24" type="0"/>
    <Peak2D F1="32.8429" F2="1.3402" annotation="G5" intensity="-14064055.56" type="0"/>
    <Peak2D F1="32.8257" F2="1.8582" annotation="G3" intensity="-14326167.41" type="0"/>
    <Peak2D F1="32.8214" F2="1.3222" annotation="G5" intensity="-13308533.99" type="0"/>
    <Peak2D F1="32.8170" F2="2.6887" intensity="394187.62" type="0"/>
    <Peak2D F1="32.8095" F2="1.8795" annotation="G3" intensity="-14549369.19" type="0"/>
    <Peak2D F1="32.8033" F2="1.7737" intensity="-160108.45" type="0"/>
    <Peak2D F1="32.7865" F2="2.2674" intensity="-895403.29" type="0"/>
    <Peak2D F1="32.7751" F2="2.2188" intensity="497070.34" type="0"/>
    <Peak2D F1="32.6900" F2="2.7025" intensity="-463706.90" type="0"/>
    <Peak2D F1="32.6396" F2="2.7301" intensity="-703294.74" type="0"/>
    <Peak2D F1="32.6208" F2="2.0073" intensity="371601.89" type="0"/>
    <Peak2D F1="32.5862" F2="2.4861" intensity="-151992.27" type="0"/>
    <Peak2D F1="32.5801" F2="2.5119" intensity="-118315.73" type="0"/>
    <Peak2D F1="32.5769" F2="1.0021" intensity="-570069.91" type="0"/>
    <Peak2D F1="32.5200" F2="1.9739" intensity="-957899.57" type="0"/>
    <Peak2D F1="32.4579" F2="0.7640" intensity="106516.36" type="0"/>
    <Peak2D F1="32.4361" F2="2.4280" intensity="-126721.58" type="0"/>
    <Peak2D F1="32.3956" F2="1.9584" intensity="-824570.18" type="0"/>
    <Peak2D F1="32.3292" F2="2.0262" intensity="-937647.01" type="0"/>
    <Peak2D F1="32.1426" F2="1.3675" intensity="179417.71" type="0"/>
    <Peak2D F1="32.0681" F2="1.3413" intensity="641091.75" type="0"/>
    <Peak2D F1="32.0236" F2="1.8609" intensity="940549.33" type="0"/>
    <Peak2D F1="31.9859" F2="1.3226" intensity="518921.74" type="0"/>
    <Peak2D F1="31.9734" F2="1.8792" intensity="640150.07" type="0"/>
    <Peak2D F1="31.8584" F2="1.2909" intensity="-239854.18" type="0"/>
    <Peak2D F1="31.8365" F2="2.4866" intensity="391881.45" type="0"/>
    <Peak2D F1="31.6904" F2="1.8458" intensity="-186266.10" type="0"/>
    <Peak2D F1="31.6731" F2="1.0206" intensity="-1282641.15" type="0"/>
    <Peak2D F1="31.6525" F2="1.9704" annotation="G6" intensity="11031142.43" type="0"/>
    <Peak2D F1="31.6210" F2="2.0490" intensity="-2336102.57" type="0"/>
    <Peak2D F1="31.6089" F2="2.5177" intensity="-397105.26" type="0"/>
    <Peak2D F1="31.5993" F2="0.9858" intensity="-571886.03" type="0"/>
    <Peak2D F1="31.5835" F2="2.0297" intensity="4341334.75" type="0"/>
    <Peak2D F1="31.5690" F2="1.3688" intensity="-191745.24" type="0"/>
    <Peak2D F1="31.5383" F2="1.8620" intensity="453723.35" type="0"/>
    <Peak2D F1="31.5300" F2="2.4745" intensity="-287243.90" type="0"/>
    <Peak2D F1="31.4944" F2="1.0012" intensity="1961858.29" type="0"/>
    <Peak2D F1="31.4673" F2="1.8862" intensity="509053.22" type="0"/>
    <Peak2D F1="31.4472" F2="1.3494" intensity="208948.43" type="0"/>
    <Peak2D F1="31.4437" F2="1.3237" intensity="394707.30" type="0"/>
    <Peak2D F1="31.3826" F2="1.2023" intensity="-138849.63" type="0"/>
    <Peak2D F1="31.3405" F2="1.1864" intensity="-128711.87" type="0"/>
    <Peak2D F1="31.2912" F2="1.7335" intensity="-135876.26" type="0"/>
    <Peak2D F1="31.2370" F2="1.8101" intensity="-407852.20" type="0"/>
    <Peak2D F1="31.1943" F2="1.7596" intensity="-159300.06" type="0"/>
    <Peak2D F1="31.1244" F2="1.7839" intensity="-453654.60" type="0"/>
    <Peak2D F1="30.9627" F2="1.8474" intensity="-158185.80" type="0"/>
    <Peak2D F1="30.9268" F2="1.9892" intensity="-1090562.64" type="0"/>
    <Peak2D F1="30.8734" F2="2.0376" intensity="-161582.29" type="0"/>
    <Peak2D F1="30.8110" F2="1.0085" intensity="-521445.04" type="0"/>
    <Peak2D F1="30.8080" F2="1.8707" intensity="-112946.82" type="0"/>
    <Peak2D F1="30.7694" F2="1.3440" intensity="115307.42" type="0"/>
    <Peak2D F1="30.7102" F2="2.6950" intensity="159107.29" type="0"/>
    <Peak2D F1="30.6717" F2="2.7222" intensity="218452.45" type="0"/>
    <Peak2D F1="30.5494" F2="2.2588" intensity="-137402.44" type="0"/>
    <Peak2D F1="30.4959" F2="1.8497" intensity="-152169.01" type="0"/>
    <Peak2D F1="30.4240" F2="1.9785" intensity="-873110.14" type="0"/>
    <Peak2D F1="30.4067" F2="2.2792" intensity="-122010.01" type="0"/>
    <Peak2D F1="30.2812" F2="0.9997" intensity="221104.85" type="0"/>
    <Peak2D F1="30.2218" F2="1.8918" intensity="138839.01" type="0"/>
    <Peak2D F1="30.1570" F2="1.6015" intensity="-125408.85" type="0"/>
    <Peak2D F1="30.0996" F2="2.7223" intensity="246496.74" type="0"/>
    <Peak2D F1="30.0926" F2="1.9485" intensity="286918.95" type="0"/>
    <Peak2D F1="30.0185" F2="1.9633" intensity="297682.03" type="0"/>
    <Peak2D F1="29.9889" F2="2.2216" intensity="215433.22" type="0"/>
    <Peak2D F1="29.9820" F2="2.0271" intensity="221775.35" type="0"/>
    <Peak2D F1="29.9539" F2="2.6918" intensity="331631.07" type="0"/>
    <Peak2D F1="29.7949" F2="2.2519" intensity="-145035.70" type="0"/>
    <Peak2D F1="29.7556" F2="2.2802" intensity="-264255.03" type="0"/>
    <Peak2D F1="29.7141" F2="1.0014" intensity="-421463.62" type="0"/>
    <Peak2D F1="29.7007" F2="1.9741" intensity="301140.05" type="0"/>
    <Peak2D F1="29.6464" F2="1.2550" intensity="-199277.92" type="0"/>
    <Peak2D F1="29.6340" F2="2.7095" intensity="-447143.87" type="0"/>
    <Peak2D F1="29.6158" F2="1.9894" intensity="-389035.02" type="0"/>
    <Peak2D F1="29.4922" F2="1.2892" intensity="-153169.45" type="0"/>
    <Peak2D F1="29.4566" F2="2.2489" intensity="436475.94" type="0"/>
    <Peak2D F1="29.4382" F2="2.7261" intensity="898281.22" type="0"/>
    <Peak2D F1="29.4202" F2="2.2249" intensity="523761.09" type="0"/>
    <Peak2D F1="29.4179" F2="2.6936" intensity="929997.69" type="0"/>
    <Peak2D F1="29.0164" F2="1.3545" intensity="183532.04" type="0"/>
    <Peak2D F1="28.9966" F2="1.3991" intensity="158637.66" type="0"/>
    <Peak2D F1="28.8984" F2="1.3120" intensity="2544720.30" type="0"/>
    <Peak2D F1="28.8111" F2="1.7943" intensity="238269.38" type="0"/>
    <Peak2D F1="28.8023" F2="1.0044" intensity="1724480.79" type="0"/>
    <Peak2D F1="28.7878" F2="1.9772" intensity="-1839558.97" type="0"/>
    <Peak2D F1="28.7838" F2="1.8695" intensity="174955.73" type="0"/>
    <Peak2D F1="28.7730" F2="1.8969" intensity="260539.48" type="0"/>
    <Peak2D F1="28.6948" F2="2.2771" annotation="G4" intensity="-8079294.40" type="0"/>
    <Peak2D F1="28.6772" F2="2.2516" annotation="G4" intensity="-14232818.41" type="0"/>
    <Peak2D F1="28.6566" F2="2.2330" annotation="G4" intensity="-9208059.53" type="0"/>
    <Peak2D F1="28.6554" F2="1.3712" intensity="369014.95" type="0"/>
    <Peak2D F1="28.6537" F2="2.7293" annotation="G0" intensity="-19518618.40" type="0"/>
    <Peak2D F1="28.6520" F2="2.6997" annotation="G0" intensity="-19452705.55" type="0"/>
    <Peak2D F1="28.6402" F2="1.8588" intensity="-778896.24" type="0"/>
    <Peak2D F1="28.5964" F2="1.7809" intensity="-619572.21" type="0"/>
    <Peak2D F1="28.5879" F2="1.8378" intensity="185313.39" type="0"/>
    <Peak2D F1="28.5789" F2="1.9897" intensity="535781.64" type="0"/>
    <Peak2D F1="28.5756" F2="1.3378" intensity="-423059.19" type="0"/>
    <Peak2D F1="28.5668" F2="2.1577" intensity="-139315.56" type="0"/>
    <Peak2D F1="28.5610" F2="1.8792" intensity="-794175.66" type="0"/>
    <Peak2D F1="28.5499" F2="3.2465" intensity="-111015.18" type="0"/>
    <Peak2D F1="28.5342" F2="2.8039" intensity="-272042.17" type="0"/>
    <Peak2D F1="28.5045" F2="1.7005" intensity="-119593.14" type="0"/>
    <Peak2D F1="28.3388" F2="1.3255" intensity="-476293.32" type="0"/>
    <Peak2D F1="28.3378" F2="1.5958" intensity="124181.24" type="0"/>
    <Peak2D F1="28.2592" F2="1.3053" intensity="-149950.07" type="0"/>
    <Peak2D F1="27.8980" F2="2.7090" intensity="688564.87" type="0"/>
    <Peak2D F1="27.8931" F2="2.2804" intensity="398874.32" type="0"/>
    <Peak2D F1="27.8782" F2="2.7383" intensity="228217.74" type="0"/>
    <Peak2D F1="27.8720" F2="2.2580" intensity="283283.08" type="0"/>
    <Peak2D F1="27.7307" F2="1.9771" intensity="1201754.28" type="0"/>
    <Peak2D F1="27.6638" F2="1.8506" intensity="-247224.96" type="0"/>
    <Peak2D F1="27.6123" F2="2.6928" intensity="-475143.39" type="0"/>
    <Peak2D F1="27.5862" F2="2.2497" intensity="-130534.43" type="0"/>
    <Peak2D F1="27.5589" F2="2.2227" intensity="-308595.57" type="0"/>
    <Peak2D F1="27.5130" F2="2.7233" intensity="-343278.61" type="0"/>
    <Peak2D F1="27.4648" F2="1.7812" intensity="1212040.00" type="0"/>
    <Peak2D F1="27.3126" F2="1.8794" intensity="-200867.18" type="0"/>
    <Peak2D F1="27.2598" F2="2.2802" intensity="112532.88" type="0"/>
    <Peak2D F1="27.2536" F2="2.2581" intensity="136077.41" type="0"/>
    <Peak2D F1="27.0309" F2="2.2216" intensity="-164157.98" type="0"/>
    <Peak2D F1="26.9517" F2="2.6948" intensity="-280579.54" type="0"/>
    <Peak2D F1="26.9213" F2="2.7234" intensity="-293938.72" type="0"/>
    <Peak2D F1="26.8614" F2="1.0089" intensity="267820.29" type="0"/>
    <Peak2D F1="26.8536" F2="1.9528" intensity="196326.64" type="0"/>
    <Peak2D F1="26.6892" F2="1.3404" intensity="-197190.22" type="0"/>
    <Peak2D F1="26.6448" F2="1.3593" intensity="-135601.50" type="0"/>
    <Peak2D F1="26.3414" F2="2.7230" intensity="-226007.67" type="0"/>
    <Peak2D F1="26.2922" F2="1.9764" intensity="249161.94" type="0"/>
    <Peak2D F1="26.2305" F2="2.2222" intensity="-125868.04" type="0"/>
    <Peak2D F1="26.0123" F2="1.9993" intensity="-135008.89" type="0"/>
    <Peak2D F1="25.6646" F2="1.7836" intensity="253135.13" type="0"/>
    <Peak2D F1="25.6299" F2="1.9758" intensity="-301380.32" type="0"/>
    <Peak2D F1="25.4938" F2="1.7698" intensity="-215680.47" type="0"/>
    <Peak2D F1="25.4686" F2="2.6968" intensity="-299847.43" type="0"/>
    <Peak2D F1="25.4684" F2="1.0083" intensity="362921.82" type="0"/>
    <Peak2D F1="25.4329" F2="2.7278" intensity="-225155.98" type="0"/>
    <Peak2D F1="25.2850" F2="1.7834" intensity="250833.02" type="0"/>
    <Peak2D F1="25.2507" F2="1.9748" intensity="-208608.42" type="0"/>
    <Peak2D F1="24.9300" F2="1.0089" intensity="309463.01" type="0"/>
    <Peak2D F1="24.7891" F2="1.9776" intensity="300237.42" type="0"/>
    <Peak2D F1="24.7863" F2="1.7705" intensity="-195755.18" type="0"/>
    <Peak2D F1="24.5072" F2="2.1321" intensity="-236687.58" type="0"/>
    <Peak2D F1="24.4792" F2="1.7829" intensity="376030.69" type="0"/>
    <Peak2D F1="24.4109" F2="1.9755" intensity="-555154.24" type="0"/>
    <Peak2D F1="24.3897" F2="2.0581" intensity="-126434.30" type="0"/>
    <Peak2D F1="24.3881" F2="2.7205" intensity="-180023.39" type="0"/>
    <Peak2D F1="24.3405" F2="2.2255" intensity="-148672.25" type="0"/>
    <Peak2D F1="24.2046" F2="1.7703" intensity="-293230.48" type="0"/>
    <Peak2D F1="24.1959" F2="2.2513" intensity="-139494.28" type="0"/>
    <Peak2D F1="24.1470" F2="1.0088" intensity="480371.31" type="0"/>
    <Peak2D F1="24.1200" F2="1.9798" intensity="445428.46" type="0"/>
    <Peak2D F1="23.9272" F2="1.7822" intensity="467533.07" type="0"/>
    <Peak2D F1="23.8311" F2="1.9758" intensity="-1732871.11" type="0"/>
    <Peak2D F1="23.6393" F2="1.4207" intensity="251235.97" type="0"/>
    <Peak2D F1="23.6301" F2="2.5336" intensity="231938.13" type="0"/>
    <Peak2D F1="23.5747" F2="1.0084" intensity="720610.30" type="0"/>
    <Peak2D F1="23.5295" F2="1.7735" intensity="-352954.43" type="0"/>
    <Peak2D F1="23.2575" F2="0.9975" intensity="-242099.58" type="0"/>
    <Peak2D F1="23.2238" F2="1.7818" intensity="1252386.27" type="0"/>
    <Peak2D F1="23.1075" F2="2.0486" intensity="114112.60" type="0"/>
    <Peak2D F1="23.0865" F2="2.0848" intensity="157999.56" type="0"/>
    <Peak2D F1="23.0614" F2="2.2796" intensity="168478.45" type="0"/>
    <Peak2D F1="23.0565" F2="1.4317" intensity="553025.59" type="0"/>
    <Peak2D F1="23.0526" F2="1.9525" intensity="-1641755.98" type="0"/>
    <Peak2D F1="23.0325" F2="2.5221" intensity="495650.38" type="0"/>
    <Peak2D F1="23.0229" F2="1.9770" annotation="G9" intensity="105874640.97" type="0"/>
    <Peak2D F1="23.0028" F2="2.1917" intensity="179827.01" type="0"/>
    <Peak2D F1="23.0018" F2="2.1309" intensity="119040.65" type="0"/>
    <Peak2D F1="23.0002" F2="2.2559" intensity="196597.71" type="0"/>
    <Peak2D F1="22.9748" F2="1.9180" intensity="-251745.37" type="0"/>
    <Peak2D F1="22.9692" F2="-0.2528" intensity="109043.00" type="0"/>
    <Peak2D F1="22.9046" F2="1.0075" intensity="1624187.22" type="0"/>
    <Peak2D F1="22.8976" F2="2.3581" intensity="118730.00" type="0"/>
    <Peak2D F1="22.8940" F2="1.7742" intensity="-1731594.63" type="0"/>
    <Peak2D F1="22.8705" F2="2.5374" intensity="-628094.69" type="0"/>
    <Peak2D F1="22.8690" F2="1.4155" intensity="-629869.45" type="0"/>
    <Peak2D F1="22.6781" F2="1.2229" intensity="-196707.80" type="0"/>
    <Peak2D F1="22.6084" F2="0.9996" intensity="-2056297.61" type="0"/>
    <Peak2D F1="22.4351" F2="1.5423" intensity="-145435.27" type="0"/>
    <Peak2D F1="22.4284" F2="1.5632" intensity="338164.22" type="0"/>
    <Peak2D F1="22.3511" F2="0.4477" intensity="298257.09" type="0"/>
    <Peak2D F1="22.2819" F2="1.0401" intensity="2549074.02" type="0"/>
    <Peak2D F1="22.2746" F2="1.9070" intensity="268447.07" type="0"/>
    <Peak2D F1="22.2523" F2="2.2800" intensity="139813.39" type="0"/>
    <Peak2D F1="22.2352" F2="2.2597" intensity="128973.37" type="0"/>
    <Peak2D F1="22.2296" F2="2.3407" intensity="-441356.30" type="0"/>
    <Peak2D F1="22.2290" F2="1.2134" intensity="-464490.74" type="0"/>
    <Peak2D F1="22.2271" F2="1.9778" intensity="-2224377.59" type="0"/>
    <Peak2D F1="22.1788" F2="1.8586" intensity="220956.29" type="0"/>
    <Peak2D F1="22.1730" F2="1.2338" intensity="294135.11" type="0"/>
    <Peak2D F1="22.1687" F2="2.0105" intensity="-242806.61" type="0"/>
    <Peak2D F1="22.1587" F2="1.7571" intensity="-5351484.60" type="0"/>
    <Peak2D F1="22.1262" F2="1.7805" annotation="G7" intensity="93265545.08" type="0"/>
    <Peak2D F1="22.1204" F2="-0.4493" intensity="108205.49" type="0"/>
    <Peak2D F1="22.0886" F2="1.7191" intensity="-437518.62" type="0"/>
    <Peak2D F1="22.0637" F2="1.6059" intensity="-319572.78" type="0"/>
    <Peak2D F1="22.0333" F2="0.8723" intensity="171672.49" type="0"/>
    <Peak2D F1="21.9853" F2="2.3266" intensity="378354.91" type="0"/>
    <Peak2D F1="21.9316" F2="1.1772" intensity="-239733.18" type="0"/>
    <Peak2D F1="21.9214" F2="0.4635" intensity="261523.32" type="0"/>
    <Peak2D F1="21.9112" F2="1.9768" intensity="2116038.92" type="0"/>
    <Peak2D F1="21.9108" F2="1.6337" intensity="-148452.37" type="0"/>
    <Peak2D F1="21.8965" F2="0.8346" intensity="-199570.38" type="0"/>
    <Peak2D F1="21.8109" F2="1.0043" annotation="G8" intensity="96222571.67" type="0"/>
    <Peak2D F1="21.8023" F2="0.7932" intensity="226372.52" type="0"/>
    <Peak2D F1="21.7789" F2="0.5662" intensity="114818.28" type="0"/>
    <Peak2D F1="21.7684" F2="0.9523" intensity="1114539.88" type="0"/>
    <Peak2D F1="21.7516" F2="0.5098" intensity="122969.74" type="0"/>
    <Peak2D F1="21.7486" F2="1.2253" intensity="250092.57" type="0"/>
    <Peak2D F1="21.7443" F2="1.4994" intensity="150641.14" type="0"/>
    <Peak2D F1="21.7079" F2="1.5449" intensity="445895.72" type="0"/>
    <Peak2D F1="21.6840" F2="0.4434" intensity="-766164.23" type="0"/>
    <Peak2D F1="21.6483" F2="1.5672" intensity="-777192.41" type="0"/>
    <Peak2D F1="21.5939" F2="1.7340" intensity="671073.90" type="0"/>
    <Peak2D F1="21.3767" F2="0.9179" intensity="224062.53" type="0"/>
    <Peak2D F1="21.3669" F2="1.7521" intensity="3163105.08" type="0"/>
    <Peak2D F1="21.3205" F2="1.7813" intensity="-2235085.90" type="0"/>
    <Peak2D F1="21.2763" F2="1.9762" intensity="379461.63" type="0"/>
    <Peak2D F1="21.0982" F2="1.0660" intensity="114362.62" type="0"/>
    <Peak2D F1="21.0183" F2="1.0078" intensity="-2899356.69" type="0"/>
    <Peak2D F1="21.0170" F2="1.7753" intensity="637737.95" type="0"/>
    <Peak2D F1="20.7600" F2="1.9903" intensity="-130524.84" type="0"/>
    <Peak2D F1="20.6849" F2="0.9969" intensity="1044669.67" type="0"/>
    <Peak2D F1="20.6785" F2="1.7826" intensity="-349008.09" type="0"/>
    <Peak2D F1="20.6063" F2="1.9736" intensity="302015.40" type="0"/>
    <Peak2D F1="20.3714" F2="1.0090" intensity="-921998.46" type="0"/>
    <Peak2D F1="20.3142" F2="1.7732" intensity="229223.09" type="0"/>
    <Peak2D F1="20.0509" F2="0.9966" intensity="344878.03" type="0"/>
    <Peak2D F1="20.0009" F2="1.7824" intensity="-268402.71" type="0"/>
    <Peak2D F1="19.9141" F2="1.9760" intensity="258626.34" type="0"/>
    <Peak2D F1="19.7694" F2="1.0099" intensity="-423968.47" type="0"/>
    <Peak2D F1="19.7506" F2="1.7709" intensity="212973.12" type="0"/>
    <Peak2D F1="19.3989" F2="1.7825" intensity="-175704.29" type="0"/>
    <Peak2D F1="19.3760" F2="0.9972" intensity="143883.56" type="0"/>
    <Peak2D F1="19.0330" F2="1.0096" intensity="-254335.15" type="0"/>
    <Peak2D F1="18.7496" F2="1.7826" intensity="-181418.74" type="0"/>
    <Peak2D F1="18.4540" F2="1.7710" intensity="161795.26" type="0"/>
    <Peak2D F1="18.3897" F2="1.0085" intensity="-302299.11" type="0"/>
    <Peak2D F1="18.1282" F2="1.9771" intensity="1315923.27" type="0"/>
    <Peak2D F1="17.9331" F2="1.0082" intensity="-257036.04" type="0"/>
    <Peak2D F1="16.9912" F2="1.9779" intensity="-255968.04" type="0"/>
    <Peak2D F1="16.7504" F2="1.7808" intensity="1143145.56" type="0"/>
    <Peak2D F1="15.9188" F2="1.0097" intensity="-153685.28" type="0"/>
    <Peak2D F1="15.6677" F2="1.7822" intensity="-322441.63" type="0"/>
    <Peak2D F1="14.9531" F2="1.7708" intensity="124923.26" type="0"/>
    <Peak2D F1="14.8479" F2="1.0031" intensity="1627974.12" type="0"/>
    <Peak2D F1="13.1700" F2="1.9763" intensity="120990.39" type="0"/>
    <Peak2D F1="12.7470" F2="1.7842" intensity="-143463.88" type="0"/>
    <Peak2D F1="12.5415" F2="1.7698" intensity="154177.55" type="0"/>
    <Peak2D F1="12.3147" F2="1.0150" intensity="-113492.48" type="0"/>
    <Peak2D F1="11.9910" F2="1.9781" intensity="-117010.60" type="0"/>
    <Peak2D F1="11.7108" F2="1.7826" intensity="134770.09" type="0"/>
    <Peak2D F1="10.7614" F2="1.7809" intensity="-111217.22" type="0"/>
    <Peak2D F1="10.2393" F2="1.9775" intensity="-130039.11" type="0"/>
    <Peak2D F1="9.1717" F2="1.0078" intensity="-130566.97" type="0"/>
    <Peak2D F1="8.5569" F2="1.7821" intensity="108580.85" type="0"/>
    <Peak2D F1="8.0075" F2="1.9772" intensity="104497.31" type="0"/>
    <Peak2D F1="1.2434" F2="0.9180" intensity="117122.53" type="0"/>
    <Peak2D F1="1.0294" F2="0.0711" intensity="239475.07" type="0"/>
    <Peak2D F1="-1.2952" F2="1.7708" intensity="171590.89" type="0"/>
    <Peak2D F1="-1.4461" F2="1.6807" intensity="-154546.29" type="0"/>
    <Peak2D F1="-1.4683" F2="1.6429" intensity="-124409.87" type="0"/>
    <Peak2D F1="-1.7205" F2="1.7922" intensity="-146043.60" type="0"/>
    <Peak2D F1="-1.9238" F2="1.6944" intensity="223242.27" type="0"/>
    <Peak2D F1="-2.2105" F2="1.8874" intensity="201442.49" type="0"/>
    <Peak2D F1="-2.2862" F2="1.7802" intensity="-316165.63" type="0"/>
    <Peak2D F1="-2.4404" F2="1.9772" intensity="-117456.53" type="0"/>
    <Peak2D F1="-2.9702" F2="1.8921" intensity="-121748.10" type="0"/>
    <Peak2D F1="-6.1931" F2="0.9881" intensity="-114382.38" type="0"/>
    <Peak2D F1="-6.5131" F2="1.0087" intensity="119906.54" type="0"/>
    <Peak2D F1="-7.1376" F2="1.7814" intensity="427544.00" type="0"/>
    <Peak2D F1="-7.9170" F2="1.9763" intensity="-309285.56" type="0"/>
    <Peak2D F1="-7.9504" F2="1.7695" intensity="131073.22" type="0"/>
    <Peak2D F1="-8.2063" F2="1.7829" intensity="-220441.17" type="0"/>
    <Peak2D F1="-10.7505" F2="1.0093" intensity="159969.44" type="0"/>
    <Peak2D F1="-10.9568" F2="1.9764" intensity="222297.91" type="0"/>
    <Peak2D F1="-11.8802" F2="1.0076" intensity="171449.95" type="0"/>
    <Peak2D F1="-11.9063" F2="1.9765" intensity="-110141.99" type="0"/>
    <Peak2D F1="-12.2223" F2="1.7708" intensity="-161556.70" type="0"/>
    <Peak2D F1="-12.3057" F2="1.7939" intensity="140103.60" type="0"/>
    <Peak2D F1="-12.4597" F2="1.8498" intensity="115208.59" type="0"/>
    <Peak2D F1="-12.5853" F2="1.7514" intensity="-154265.40" type="0"/>
    <Peak2D F1="-12.6808" F2="1.0077" intensity="-219535.50" type="0"/>
    <Peak2D F1="-12.6808" F2="1.9678" intensity="515264.92" type="0"/>
  </PeakList2D>
</PeakList>
