<?xml version="1.0" encoding="UTF-8"?>
<PeakList modified="2017-01-25T10:54:48">
  <PeakList2D>
    <PeakList2DHeader creator="liermann@OCNMR99" date="2017-01-25T10:54:48" expNo="6" name="(+)-pulegon_89-82-7" owner="liermann" procNo="1" source="//ocnmr1.chemie.uni-mainz.de/admin/JGU-NMR/Lehre/chemikalienlager">
      <PeakPickDetails># F2 peak picking range ( ppm )
# 2 F1P=12.809009552001953, 2 F2P=-0.209003211899201
# F1 peak picking range ( ppm )
# 1 F1P=230.050399780273, 1 F2P=-10.050392895964961
# MI=0.001 (= 93618.0765), MAXI=1.0 (= 9.36180765E7)
# PEAK RESOL.=1, INTERPOL. TYPE=PARABOLIC, DIAG. GAP=-1, MAX. # PEAKS=2147483647
</PeakPickDetails>
    </PeakList2DHeader>
    <Peak2D F1="221.4055" F2="1.0039" intensity="94580.47" type="0"/>
    <Peak2D F1="27.1946" F2="1.9772" intensity="96994.83" type="0"/>
    <Peak2D F1="160.8418" F2="1.7812" intensity="98170.38" type="0"/>
    <Peak2D F1="52.2422" F2="2.1010" intensity="99296.53" type="0"/>
    <Peak2D F1="123.1510" F2="1.7767" intensity="100021.86" type="0"/>
    <Peak2D F1="25.8205" F2="2.0809" intensity="100442.70" type="0"/>
    <Peak2D F1="147.2225" F2="1.7768" intensity="100514.60" type="0"/>
    <Peak2D F1="25.5441" F2="0.9024" intensity="100656.61" type="0"/>
    <Peak2D F1="22.0788" F2="1.6043" intensity="100702.95" type="0"/>
    <Peak2D F1="72.7088" F2="1.9782" intensity="100708.91" type="0"/>
    <Peak2D F1="49.9911" F2="0.9569" intensity="100875.64" type="0"/>
    <Peak2D F1="112.8466" F2="4.8527" intensity="101217.10" type="0"/>
    <Peak2D F1="20.1970" F2="2.0815" intensity="102000.89" type="0"/>
    <Peak2D F1="35.5729" F2="1.4368" intensity="102472.58" type="0"/>
    <Peak2D F1="49.6997" F2="1.8904" intensity="103268.01" type="0"/>
    <Peak2D F1="126.3451" F2="1.7800" intensity="103601.31" type="0"/>
    <Peak2D F1="19.0290" F2="1.1091" intensity="104545.33" type="0"/>
    <Peak2D F1="50.8408" F2="1.9948" intensity="105412.74" type="0"/>
    <Peak2D F1="33.3264" F2="2.0849" intensity="105614.44" type="0"/>
    <Peak2D F1="36.5899" F2="1.0087" intensity="106511.78" type="0"/>
    <Peak2D F1="21.6803" F2="0.9710" intensity="107461.84" type="0"/>
    <Peak2D F1="21.7562" F2="1.1824" intensity="107619.57" type="0"/>
    <Peak2D F1="210.5326" F2="2.0362" intensity="107961.36" type="0"/>
    <Peak2D F1="17.9507" F2="1.9748" intensity="108300.46" type="0"/>
    <Peak2D F1="112.8940" F2="4.5943" intensity="109275.96" type="0"/>
    <Peak2D F1="34.2098" F2="2.4799" intensity="111954.89" type="0"/>
    <Peak2D F1="49.4026" F2="1.9367" intensity="112728.42" type="0"/>
    <Peak2D F1="23.0431" F2="2.1349" intensity="112838.06" type="0"/>
    <Peak2D F1="219.1843" F2="1.7800" intensity="112898.81" type="0"/>
    <Peak2D F1="31.2954" F2="1.9098" intensity="113495.07" type="0"/>
    <Peak2D F1="19.0000" F2="0.9056" intensity="113576.48" type="0"/>
    <Peak2D F1="45.7737" F2="1.0049" intensity="113900.15" type="0"/>
    <Peak2D F1="131.8874" F2="2.0476" intensity="114195.65" type="0"/>
    <Peak2D F1="210.2831" F2="2.0793" intensity="114330.37" type="0"/>
    <Peak2D F1="202.6504" F2="1.9984" intensity="114539.28" type="0"/>
    <Peak2D F1="57.9633" F2="1.0060" intensity="116125.65" type="0"/>
    <Peak2D F1="32.6084" F2="1.1102" intensity="117594.34" type="0"/>
    <Peak2D F1="31.6223" F2="2.7716" intensity="118210.15" type="0"/>
    <Peak2D F1="147.3132" F2="1.9764" intensity="118314.61" type="0"/>
    <Peak2D F1="141.9595" F2="2.6596" intensity="118666.23" type="0"/>
    <Peak2D F1="29.1771" F2="2.0457" intensity="118765.08" type="0"/>
    <Peak2D F1="31.4259" F2="1.4318" intensity="118840.21" type="0"/>
    <Peak2D F1="204.4168" F2="1.7503" intensity="119169.78" type="0"/>
    <Peak2D F1="55.5744" F2="1.0039" intensity="119753.46" type="0"/>
    <Peak2D F1="148.2775" F2="1.9761" intensity="120098.24" type="0"/>
    <Peak2D F1="123.5161" F2="1.7793" intensity="120264.91" type="0"/>
    <Peak2D F1="142.0150" F2="1.8897" intensity="120356.21" type="0"/>
    <Peak2D F1="32.1409" F2="1.8695" intensity="120616.30" type="0"/>
    <Peak2D F1="21.1762" F2="1.9458" intensity="120621.05" type="0"/>
    <Peak2D F1="19.1554" F2="1.7792" intensity="120680.27" type="0"/>
    <Peak2D F1="33.8995" F2="1.7451" intensity="121063.80" type="0"/>
    <Peak2D F1="20.9030" F2="2.4815" intensity="122249.88" type="0"/>
    <Peak2D F1="21.6757" F2="4.9723" intensity="122533.36" type="0"/>
    <Peak2D F1="141.8376" F2="2.0477" intensity="123376.18" type="0"/>
    <Peak2D F1="131.8821" F2="2.7707" intensity="124529.92" type="0"/>
    <Peak2D F1="50.0261" F2="0.9669" intensity="124972.60" type="0"/>
    <Peak2D F1="25.3520" F2="2.0825" intensity="125401.90" type="0"/>
    <Peak2D F1="34.0541" F2="2.0500" intensity="125719.76" type="0"/>
    <Peak2D F1="16.4839" F2="1.7766" intensity="125970.60" type="0"/>
    <Peak2D F1="24.8770" F2="1.6733" intensity="126032.55" type="0"/>
    <Peak2D F1="19.2925" F2="1.6728" intensity="126243.06" type="0"/>
    <Peak2D F1="21.7015" F2="1.3706" intensity="126859.09" type="0"/>
    <Peak2D F1="56.9975" F2="1.0027" intensity="127229.09" type="0"/>
    <Peak2D F1="31.6434" F2="0.8924" intensity="129849.44" type="0"/>
    <Peak2D F1="20.6674" F2="2.0829" intensity="130520.29" type="0"/>
    <Peak2D F1="25.3409" F2="1.8701" intensity="131046.55" type="0"/>
    <Peak2D F1="29.0008" F2="1.8810" intensity="131287.67" type="0"/>
    <Peak2D F1="28.7408" F2="1.8797" intensity="132601.80" type="0"/>
    <Peak2D F1="131.9887" F2="2.6588" intensity="133266.71" type="0"/>
    <Peak2D F1="141.8480" F2="1.6677" intensity="134857.19" type="0"/>
    <Peak2D F1="28.8327" F2="2.3210" intensity="135199.55" type="0"/>
    <Peak2D F1="204.4518" F2="2.7709" intensity="137014.29" type="0"/>
    <Peak2D F1="30.3200" F2="1.2914" intensity="137026.04" type="0"/>
    <Peak2D F1="31.9152" F2="2.2689" intensity="138964.72" type="0"/>
    <Peak2D F1="19.4993" F2="0.8965" intensity="140012.71" type="0"/>
    <Peak2D F1="22.9103" F2="1.9466" intensity="140203.40" type="0"/>
    <Peak2D F1="146.8362" F2="1.7786" intensity="140209.99" type="0"/>
    <Peak2D F1="28.4565" F2="2.6397" intensity="143092.90" type="0"/>
    <Peak2D F1="28.8125" F2="2.1333" intensity="143131.82" type="0"/>
    <Peak2D F1="148.8051" F2="1.7815" intensity="143196.51" type="0"/>
    <Peak2D F1="31.0733" F2="2.9619" intensity="145841.52" type="0"/>
    <Peak2D F1="28.8637" F2="2.5717" intensity="146724.87" type="0"/>
    <Peak2D F1="21.7506" F2="4.7888" intensity="147145.52" type="0"/>
    <Peak2D F1="203.1018" F2="1.7782" intensity="147347.97" type="0"/>
    <Peak2D F1="29.0033" F2="1.8596" intensity="148184.04" type="0"/>
    <Peak2D F1="127.3067" F2="1.9809" intensity="149054.73" type="0"/>
    <Peak2D F1="18.7925" F2="1.9748" intensity="150778.75" type="0"/>
    <Peak2D F1="56.0712" F2="1.0038" intensity="152011.66" type="0"/>
    <Peak2D F1="204.3675" F2="2.6599" intensity="154191.18" type="0"/>
    <Peak2D F1="31.7868" F2="2.0985" intensity="154268.94" type="0"/>
    <Peak2D F1="31.3615" F2="1.8760" intensity="155153.37" type="0"/>
    <Peak2D F1="51.7990" F2="1.3111" intensity="156208.03" type="0"/>
    <Peak2D F1="202.8854" F2="2.0429" intensity="157143.10" type="0"/>
    <Peak2D F1="21.6745" F2="4.8012" intensity="157492.42" type="0"/>
    <Peak2D F1="19.7351" F2="1.6729" intensity="158030.10" type="0"/>
    <Peak2D F1="16.9677" F2="1.9767" intensity="158433.69" type="0"/>
    <Peak2D F1="203.0790" F2="1.9786" intensity="158843.16" type="0"/>
    <Peak2D F1="21.9196" F2="1.6214" intensity="159418.54" type="0"/>
    <Peak2D F1="19.7939" F2="1.8844" intensity="160555.49" type="0"/>
    <Peak2D F1="21.9187" F2="1.2934" intensity="161793.72" type="0"/>
    <Peak2D F1="35.2995" F2="2.0581" intensity="165088.42" type="0"/>
    <Peak2D F1="21.7354" F2="0.9605" intensity="166555.54" type="0"/>
    <Peak2D F1="28.7580" F2="2.7867" intensity="168029.21" type="0"/>
    <Peak2D F1="19.4931" F2="1.1076" intensity="169742.05" type="0"/>
    <Peak2D F1="128.6330" F2="1.9750" intensity="172069.80" type="0"/>
    <Peak2D F1="203.1002" F2="2.0007" intensity="172690.14" type="0"/>
    <Peak2D F1="24.5626" F2="1.1091" intensity="172864.33" type="0"/>
    <Peak2D F1="127.9343" F2="1.7805" intensity="175851.99" type="0"/>
    <Peak2D F1="22.1176" F2="1.8106" intensity="176354.85" type="0"/>
    <Peak2D F1="24.5542" F2="0.9016" intensity="176926.80" type="0"/>
    <Peak2D F1="205.6554" F2="1.7796" intensity="179477.63" type="0"/>
    <Peak2D F1="51.0032" F2="1.1225" intensity="181332.41" type="0"/>
    <Peak2D F1="111.9621" F2="1.7458" intensity="181599.57" type="0"/>
    <Peak2D F1="36.1691" F2="1.0085" intensity="181923.88" type="0"/>
    <Peak2D F1="146.0087" F2="1.7796" intensity="182053.77" type="0"/>
    <Peak2D F1="21.7863" F2="1.0642" intensity="182383.83" type="0"/>
    <Peak2D F1="112.8954" F2="2.9674" intensity="184364.21" type="0"/>
    <Peak2D F1="32.6034" F2="1.9523" intensity="184756.91" type="0"/>
    <Peak2D F1="134.4858" F2="1.3303" intensity="185139.68" type="0"/>
    <Peak2D F1="50.8826" F2="1.9629" intensity="185284.60" type="0"/>
    <Peak2D F1="24.3956" F2="1.6717" intensity="188172.62" type="0"/>
    <Peak2D F1="24.8435" F2="1.8636" intensity="189484.50" type="0"/>
    <Peak2D F1="28.5272" F2="2.8555" intensity="189521.07" type="0"/>
    <Peak2D F1="31.5359" F2="1.9643" intensity="191846.51" type="0"/>
    <Peak2D F1="56.7791" F2="4.7965" intensity="194092.55" type="0"/>
    <Peak2D F1="56.8462" F2="4.9682" intensity="194984.10" type="0"/>
    <Peak2D F1="19.9558" F2="2.0210" intensity="198588.82" type="0"/>
    <Peak2D F1="26.3576" F2="1.9783" intensity="200574.01" type="0"/>
    <Peak2D F1="137.0767" F2="1.9781" intensity="201150.34" type="0"/>
    <Peak2D F1="210.3683" F2="2.9605" intensity="202819.89" type="0"/>
    <Peak2D F1="21.8316" F2="2.4735" intensity="209128.99" type="0"/>
    <Peak2D F1="50.8534" F2="2.0731" intensity="211474.16" type="0"/>
    <Peak2D F1="141.7173" F2="1.9048" intensity="214731.83" type="0"/>
    <Peak2D F1="22.1416" F2="1.7481" intensity="215147.97" type="0"/>
    <Peak2D F1="19.9722" F2="0.9015" intensity="215543.76" type="0"/>
    <Peak2D F1="27.2304" F2="1.7790" intensity="217645.42" type="0"/>
    <Peak2D F1="30.0018" F2="1.9845" intensity="218365.38" type="0"/>
    <Peak2D F1="33.8118" F2="2.4765" intensity="219055.42" type="0"/>
    <Peak2D F1="31.4361" F2="1.8526" intensity="220256.75" type="0"/>
    <Peak2D F1="141.9528" F2="1.8628" intensity="220364.29" type="0"/>
    <Peak2D F1="28.5998" F2="2.1577" intensity="222567.87" type="0"/>
    <Peak2D F1="132.0605" F2="2.4737" intensity="222931.11" type="0"/>
    <Peak2D F1="127.3219" F2="1.7808" intensity="223469.64" type="0"/>
    <Peak2D F1="143.5356" F2="2.9641" intensity="224667.82" type="0"/>
    <Peak2D F1="135.6160" F2="1.9757" intensity="225076.54" type="0"/>
    <Peak2D F1="25.3849" F2="1.9782" intensity="226793.08" type="0"/>
    <Peak2D F1="131.8942" F2="2.0347" intensity="226918.19" type="0"/>
    <Peak2D F1="32.9545" F2="1.3920" intensity="227409.86" type="0"/>
    <Peak2D F1="135.0509" F2="1.9747" intensity="227591.44" type="0"/>
    <Peak2D F1="32.8902" F2="1.7846" intensity="227920.39" type="0"/>
    <Peak2D F1="47.1532" F2="1.0083" intensity="229774.44" type="0"/>
    <Peak2D F1="21.1445" F2="2.0799" intensity="230504.28" type="0"/>
    <Peak2D F1="24.8798" F2="2.0812" intensity="233870.47" type="0"/>
    <Peak2D F1="141.9297" F2="1.6934" intensity="235424.07" type="0"/>
    <Peak2D F1="21.7096" F2="0.8523" intensity="235773.27" type="0"/>
    <Peak2D F1="32.9695" F2="1.7485" intensity="235781.55" type="0"/>
    <Peak2D F1="51.0482" F2="2.5754" intensity="236957.48" type="0"/>
    <Peak2D F1="131.9476" F2="2.5129" intensity="237524.58" type="0"/>
    <Peak2D F1="51.0572" F2="2.3587" intensity="238978.55" type="0"/>
    <Peak2D F1="51.0602" F2="1.8295" intensity="239767.24" type="0"/>
    <Peak2D F1="19.9733" F2="1.1095" intensity="239791.40" type="0"/>
    <Peak2D F1="141.8849" F2="1.9231" intensity="244219.09" type="0"/>
    <Peak2D F1="28.7258" F2="2.5931" intensity="245067.30" type="0"/>
    <Peak2D F1="20.1788" F2="1.7808" intensity="245102.59" type="0"/>
    <Peak2D F1="34.1667" F2="1.3327" intensity="248573.62" type="0"/>
    <Peak2D F1="28.6696" F2="2.6191" intensity="251322.77" type="0"/>
    <Peak2D F1="137.9793" F2="1.9770" intensity="252419.78" type="0"/>
    <Peak2D F1="21.8168" F2="1.0484" intensity="255293.85" type="0"/>
    <Peak2D F1="50.7733" F2="2.1679" intensity="256021.21" type="0"/>
    <Peak2D F1="28.6317" F2="2.8353" intensity="256162.25" type="0"/>
    <Peak2D F1="210.3603" F2="2.0567" intensity="256314.24" type="0"/>
    <Peak2D F1="32.7218" F2="1.4757" intensity="257537.91" type="0"/>
    <Peak2D F1="21.2281" F2="1.6459" intensity="259861.90" type="0"/>
    <Peak2D F1="20.2309" F2="1.6724" intensity="260720.85" type="0"/>
    <Peak2D F1="141.8984" F2="2.0345" intensity="263005.18" type="0"/>
    <Peak2D F1="46.2483" F2="1.0047" intensity="263153.87" type="0"/>
    <Peak2D F1="28.7172" F2="2.8058" intensity="263686.12" type="0"/>
    <Peak2D F1="19.7502" F2="1.7793" intensity="264577.83" type="0"/>
    <Peak2D F1="138.4014" F2="1.9756" intensity="264779.43" type="0"/>
    <Peak2D F1="55.1416" F2="1.0050" intensity="264966.89" type="0"/>
    <Peak2D F1="18.7953" F2="1.7790" intensity="267140.12" type="0"/>
    <Peak2D F1="30.2588" F2="1.9998" intensity="267594.52" type="0"/>
    <Peak2D F1="28.7373" F2="2.3444" intensity="268044.58" type="0"/>
    <Peak2D F1="28.7317" F2="2.3701" intensity="271432.22" type="0"/>
    <Peak2D F1="46.6875" F2="1.0030" intensity="281006.75" type="0"/>
    <Peak2D F1="136.2113" F2="1.7795" intensity="281378.37" type="0"/>
    <Peak2D F1="23.0023" F2="2.0407" intensity="281465.21" type="0"/>
    <Peak2D F1="32.0729" F2="2.0803" intensity="287140.18" type="0"/>
    <Peak2D F1="26.2981" F2="1.7793" intensity="288258.55" type="0"/>
    <Peak2D F1="54.6618" F2="1.0061" intensity="295589.61" type="0"/>
    <Peak2D F1="30.1039" F2="2.0442" intensity="298457.37" type="0"/>
    <Peak2D F1="21.8033" F2="0.8391" intensity="300333.29" type="0"/>
    <Peak2D F1="204.3427" F2="2.0724" intensity="301916.05" type="0"/>
    <Peak2D F1="21.6858" F2="1.3520" intensity="303468.25" type="0"/>
    <Peak2D F1="23.6913" F2="0.8963" intensity="306131.46" type="0"/>
    <Peak2D F1="32.9998" F2="2.2204" intensity="311195.72" type="0"/>
    <Peak2D F1="21.8724" F2="1.3110" intensity="311543.68" type="0"/>
    <Peak2D F1="141.8882" F2="2.2680" intensity="314128.73" type="0"/>
    <Peak2D F1="23.9454" F2="1.6726" intensity="322620.75" type="0"/>
    <Peak2D F1="19.3050" F2="1.9785" intensity="324790.97" type="0"/>
    <Peak2D F1="19.7395" F2="1.9771" intensity="324899.64" type="0"/>
    <Peak2D F1="203.1267" F2="2.4825" intensity="325648.82" type="0"/>
    <Peak2D F1="50.8629" F2="0.9184" intensity="329205.74" type="0"/>
    <Peak2D F1="32.7447" F2="1.2649" intensity="333692.16" type="0"/>
    <Peak2D F1="51.0683" F2="1.8545" intensity="337925.85" type="0"/>
    <Peak2D F1="137.1161" F2="1.7803" intensity="342495.19" type="0"/>
    <Peak2D F1="132.0456" F2="1.2924" intensity="342646.71" type="0"/>
    <Peak2D F1="145.4278" F2="1.9770" intensity="342937.29" type="0"/>
    <Peak2D F1="141.7731" F2="1.8501" intensity="345338.64" type="0"/>
    <Peak2D F1="24.4156" F2="2.0821" intensity="347610.93" type="0"/>
    <Peak2D F1="32.7208" F2="2.2893" intensity="348275.57" type="0"/>
    <Peak2D F1="25.8370" F2="1.7789" intensity="351147.82" type="0"/>
    <Peak2D F1="50.6592" F2="2.4105" intensity="352758.86" type="0"/>
    <Peak2D F1="32.9201" F2="2.2688" intensity="353084.90" type="0"/>
    <Peak2D F1="138.1685" F2="1.7800" intensity="358176.26" type="0"/>
    <Peak2D F1="141.7256" F2="2.2902" intensity="362863.84" type="0"/>
    <Peak2D F1="21.5090" F2="2.5209" intensity="365199.66" type="0"/>
    <Peak2D F1="131.8534" F2="1.3710" intensity="366126.02" type="0"/>
    <Peak2D F1="23.6965" F2="1.1045" intensity="366440.41" type="0"/>
    <Peak2D F1="145.4510" F2="1.7787" intensity="368201.87" type="0"/>
    <Peak2D F1="141.8932" F2="2.2186" intensity="371553.51" type="0"/>
    <Peak2D F1="32.9741" F2="1.1833" intensity="373443.52" type="0"/>
    <Peak2D F1="21.6172" F2="2.0832" intensity="380316.97" type="0"/>
    <Peak2D F1="22.1362" F2="1.6355" intensity="385518.68" type="0"/>
    <Peak2D F1="135.6704" F2="1.7802" intensity="392103.31" type="0"/>
    <Peak2D F1="131.9785" F2="1.7119" intensity="392716.70" type="0"/>
    <Peak2D F1="57.0490" F2="1.7355" intensity="394851.96" type="0"/>
    <Peak2D F1="31.8539" F2="0.9367" intensity="397039.15" type="0"/>
    <Peak2D F1="31.7410" F2="1.0675" intensity="399501.73" type="0"/>
    <Peak2D F1="131.9098" F2="1.9071" intensity="400881.46" type="0"/>
    <Peak2D F1="205.5788" F2="2.0434" intensity="403735.02" type="0"/>
    <Peak2D F1="21.8329" F2="1.3314" intensity="405024.99" type="0"/>
    <Peak2D F1="20.4395" F2="0.9025" intensity="418365.23" type="0"/>
    <Peak2D F1="141.6372" F2="2.2417" intensity="422741.50" type="0"/>
    <Peak2D F1="24.3921" F2="1.8702" intensity="425086.83" type="0"/>
    <Peak2D F1="32.7231" F2="2.2418" intensity="426716.06" type="0"/>
    <Peak2D F1="28.8943" F2="1.2049" intensity="429728.10" type="0"/>
    <Peak2D F1="50.5282" F2="2.6257" intensity="440865.20" type="0"/>
    <Peak2D F1="30.8195" F2="2.5096" intensity="441113.98" type="0"/>
    <Peak2D F1="20.7710" F2="1.8832" intensity="443525.34" type="0"/>
    <Peak2D F1="28.8398" F2="1.2905" intensity="445372.63" type="0"/>
    <Peak2D F1="21.3667" F2="4.9410" intensity="447202.21" type="0"/>
    <Peak2D F1="20.7024" F2="1.6727" intensity="451731.96" type="0"/>
    <Peak2D F1="54.1974" F2="1.0042" intensity="455028.12" type="0"/>
    <Peak2D F1="32.7374" F2="1.0691" intensity="455529.78" type="0"/>
    <Peak2D F1="31.8709" F2="2.4669" intensity="457616.98" type="0"/>
    <Peak2D F1="24.4178" F2="1.9778" intensity="472716.17" type="0"/>
    <Peak2D F1="28.4138" F2="0.9512" intensity="478840.88" type="0"/>
    <Peak2D F1="131.9770" F2="2.2392" intensity="479080.86" type="0"/>
    <Peak2D F1="28.9146" F2="1.4187" intensity="483958.50" type="0"/>
    <Peak2D F1="20.4404" F2="1.1101" intensity="490709.99" type="0"/>
    <Peak2D F1="131.9928" F2="2.2169" intensity="492937.92" type="0"/>
    <Peak2D F1="144.4563" F2="1.9769" intensity="494615.06" type="0"/>
    <Peak2D F1="31.2912" F2="2.5176" intensity="502524.78" type="0"/>
    <Peak2D F1="33.0449" F2="1.2038" intensity="502830.27" type="0"/>
    <Peak2D F1="49.8672" F2="2.3952" intensity="505283.01" type="0"/>
    <Peak2D F1="131.9247" F2="2.0217" intensity="513656.99" type="0"/>
    <Peak2D F1="134.6561" F2="1.7806" intensity="519978.72" type="0"/>
    <Peak2D F1="203.3758" F2="2.5077" intensity="531881.08" type="0"/>
    <Peak2D F1="33.0541" F2="1.4127" intensity="536262.42" type="0"/>
    <Peak2D F1="20.6780" F2="1.7789" intensity="538759.60" type="0"/>
    <Peak2D F1="25.3491" F2="1.7796" intensity="539670.42" type="0"/>
    <Peak2D F1="23.4514" F2="1.6711" intensity="539826.44" type="0"/>
    <Peak2D F1="53.7152" F2="1.0053" intensity="540025.16" type="0"/>
    <Peak2D F1="131.6729" F2="2.2893" intensity="540770.02" type="0"/>
    <Peak2D F1="50.0133" F2="2.6144" intensity="550415.39" type="0"/>
    <Peak2D F1="57.6835" F2="4.9407" intensity="554592.67" type="0"/>
    <Peak2D F1="31.2361" F2="1.3707" intensity="567479.73" type="0"/>
    <Peak2D F1="138.9610" F2="1.9773" intensity="569619.87" type="0"/>
    <Peak2D F1="131.9464" F2="1.9331" intensity="571820.27" type="0"/>
    <Peak2D F1="47.6615" F2="0.9994" intensity="573764.59" type="0"/>
    <Peak2D F1="50.7451" F2="2.3823" intensity="593939.04" type="0"/>
    <Peak2D F1="131.9250" F2="1.7252" intensity="601576.63" type="0"/>
    <Peak2D F1="144.4529" F2="1.7793" intensity="602073.01" type="0"/>
    <Peak2D F1="141.7423" F2="1.8373" intensity="613505.58" type="0"/>
    <Peak2D F1="48.1038" F2="1.0047" intensity="616646.34" type="0"/>
    <Peak2D F1="23.2313" F2="0.8997" intensity="630830.78" type="0"/>
    <Peak2D F1="132.0165" F2="1.3095" intensity="635683.93" type="0"/>
    <Peak2D F1="22.7875" F2="0.8938" intensity="637809.83" type="0"/>
    <Peak2D F1="21.3663" F2="4.7259" intensity="640919.01" type="0"/>
    <Peak2D F1="131.9512" F2="1.8390" intensity="642810.88" type="0"/>
    <Peak2D F1="29.3031" F2="1.0049" intensity="644435.28" type="0"/>
    <Peak2D F1="22.8962" F2="1.8298" intensity="649997.28" type="0"/>
    <Peak2D F1="20.2759" F2="1.9780" intensity="652811.70" type="0"/>
    <Peak2D F1="32.9776" F2="2.6888" intensity="655683.67" type="0"/>
    <Peak2D F1="141.7599" F2="1.9338" intensity="656313.95" type="0"/>
    <Peak2D F1="23.2264" F2="1.1081" intensity="664269.78" type="0"/>
    <Peak2D F1="23.8925" F2="1.9769" intensity="664722.11" type="0"/>
    <Peak2D F1="28.7115" F2="1.9769" intensity="665059.20" type="0"/>
    <Peak2D F1="131.8068" F2="1.8842" intensity="669550.26" type="0"/>
    <Peak2D F1="131.9011" F2="1.3511" intensity="672099.40" type="0"/>
    <Peak2D F1="132.1728" F2="1.3317" intensity="678675.40" type="0"/>
    <Peak2D F1="32.6992" F2="2.7398" intensity="686283.61" type="0"/>
    <Peak2D F1="32.8508" F2="1.4554" intensity="689776.12" type="0"/>
    <Peak2D F1="50.8337" F2="2.5997" intensity="690577.40" type="0"/>
    <Peak2D F1="32.8484" F2="1.2453" intensity="697131.98" type="0"/>
    <Peak2D F1="141.6068" F2="2.7473" intensity="699590.89" type="0"/>
    <Peak2D F1="21.8512" F2="0.8666" intensity="701137.41" type="0"/>
    <Peak2D F1="141.7973" F2="2.0212" intensity="701798.86" type="0"/>
    <Peak2D F1="32.9730" F2="1.2255" intensity="702358.26" type="0"/>
    <Peak2D F1="129.7579" F2="1.7795" intensity="705285.06" type="0"/>
    <Peak2D F1="141.8561" F2="2.6817" intensity="711826.55" type="0"/>
    <Peak2D F1="57.6456" F2="4.7248" intensity="714697.40" type="0"/>
    <Peak2D F1="139.0493" F2="1.7797" intensity="714874.91" type="0"/>
    <Peak2D F1="142.1302" F2="1.7233" intensity="718306.66" type="0"/>
    <Peak2D F1="48.5640" F2="1.0088" intensity="724339.48" type="0"/>
    <Peak2D F1="131.9453" F2="1.8577" intensity="731211.43" type="0"/>
    <Peak2D F1="22.1265" F2="1.9189" intensity="732141.23" type="0"/>
    <Peak2D F1="31.8375" F2="2.6817" intensity="733145.32" type="0"/>
    <Peak2D F1="32.8536" F2="1.4357" intensity="758705.86" type="0"/>
    <Peak2D F1="22.7891" F2="1.1032" intensity="766512.99" type="0"/>
    <Peak2D F1="141.7557" F2="1.7359" intensity="771805.83" type="0"/>
    <Peak2D F1="131.8445" F2="2.2661" intensity="775537.82" type="0"/>
    <Peak2D F1="22.1784" F2="1.9329" intensity="778830.01" type="0"/>
    <Peak2D F1="21.1296" F2="1.7797" intensity="779742.25" type="0"/>
    <Peak2D F1="31.5509" F2="2.7543" intensity="782665.08" type="0"/>
    <Peak2D F1="204.2424" F2="2.7481" intensity="797437.73" type="0"/>
    <Peak2D F1="205.2038" F2="2.0442" intensity="808033.36" type="0"/>
    <Peak2D F1="28.6185" F2="1.3505" intensity="814405.37" type="0"/>
    <Peak2D F1="31.5222" F2="2.7295" intensity="818242.41" type="0"/>
    <Peak2D F1="24.8873" F2="1.7793" intensity="826818.49" type="0"/>
    <Peak2D F1="204.5513" F2="2.6822" intensity="857264.74" type="0"/>
    <Peak2D F1="141.7829" F2="2.7321" intensity="863126.10" type="0"/>
    <Peak2D F1="21.8142" F2="1.0751" intensity="878159.19" type="0"/>
    <Peak2D F1="33.4703" F2="0.9478" intensity="886251.29" type="0"/>
    <Peak2D F1="141.8108" F2="2.6987" intensity="889654.00" type="0"/>
    <Peak2D F1="131.8310" F2="2.7490" intensity="894433.06" type="0"/>
    <Peak2D F1="53.2643" F2="1.0052" intensity="894684.16" type="0"/>
    <Peak2D F1="22.9856" F2="1.7372" intensity="901016.04" type="0"/>
    <Peak2D F1="20.7276" F2="1.9762" intensity="913497.16" type="0"/>
    <Peak2D F1="132.0828" F2="2.6807" intensity="938779.53" type="0"/>
    <Peak2D F1="22.0907" F2="2.0822" intensity="943416.14" type="0"/>
    <Peak2D F1="205.4140" F2="2.0009" intensity="948626.28" type="0"/>
    <Peak2D F1="23.9338" F2="2.0812" intensity="966448.97" type="0"/>
    <Peak2D F1="20.9028" F2="0.8992" intensity="980390.99" type="0"/>
    <Peak2D F1="204.2995" F2="2.7306" intensity="1007188.94" type="0"/>
    <Peak2D F1="141.7636" F2="1.8239" intensity="1009966.21" type="0"/>
    <Peak2D F1="50.9122" F2="2.1270" intensity="1016777.27" type="0"/>
    <Peak2D F1="204.4615" F2="2.6986" intensity="1045516.43" type="0"/>
    <Peak2D F1="21.7438" F2="1.1365" intensity="1056732.35" type="0"/>
    <Peak2D F1="21.2254" F2="1.6725" intensity="1070655.04" type="0"/>
    <Peak2D F1="20.9063" F2="1.1080" intensity="1136152.93" type="0"/>
    <Peak2D F1="131.8964" F2="2.7304" intensity="1158602.36" type="0"/>
    <Peak2D F1="130.2819" F2="1.7797" intensity="1172610.17" type="0"/>
    <Peak2D F1="131.9963" F2="1.7368" intensity="1178945.51" type="0"/>
    <Peak2D F1="31.8764" F2="2.4929" intensity="1200208.23" type="0"/>
    <Peak2D F1="32.5727" F2="1.9964" intensity="1201911.48" type="0"/>
    <Peak2D F1="204.5015" F2="1.0068" intensity="1208681.70" type="0"/>
    <Peak2D F1="131.9996" F2="2.6984" intensity="1221651.77" type="0"/>
    <Peak2D F1="140.0861" F2="1.9773" intensity="1226105.03" type="0"/>
    <Peak2D F1="131.9626" F2="1.8235" intensity="1233230.53" type="0"/>
    <Peak2D F1="143.4870" F2="1.3131" intensity="1255933.31" type="0"/>
    <Peak2D F1="57.6905" F2="1.7521" intensity="1255996.61" type="0"/>
    <Peak2D F1="31.6097" F2="2.7036" intensity="1256114.14" type="0"/>
    <Peak2D F1="52.7663" F2="1.0051" intensity="1278462.79" type="0"/>
    <Peak2D F1="77.2646" F2="7.1063" intensity="1348709.59" type="0"/>
    <Peak2D F1="131.9332" F2="2.0079" intensity="1358418.81" type="0"/>
    <Peak2D F1="77.2566" F2="7.4552" intensity="1360509.39" type="0"/>
    <Peak2D F1="22.9856" F2="1.6731" intensity="1373235.30" type="0"/>
    <Peak2D F1="143.4927" F2="1.9771" intensity="1380984.66" type="0"/>
    <Peak2D F1="23.4502" F2="1.9775" intensity="1436921.49" type="0"/>
    <Peak2D F1="49.0511" F2="1.0046" intensity="1453025.94" type="0"/>
    <Peak2D F1="131.9283" F2="1.9457" intensity="1519343.35" type="0"/>
    <Peak2D F1="33.5833" F2="1.0441" intensity="1520264.14" type="0"/>
    <Peak2D F1="22.0784" F2="1.9460" intensity="1576991.82" type="0"/>
    <Peak2D F1="35.0435" F2="1.0381" intensity="1578276.47" type="0"/>
    <Peak2D F1="21.6194" F2="1.7792" intensity="1581023.36" type="0"/>
    <Peak2D F1="31.7328" F2="1.3093" intensity="1590768.38" type="0"/>
    <Peak2D F1="24.4134" F2="1.7794" intensity="1605975.11" type="0"/>
    <Peak2D F1="34.0039" F2="1.0482" intensity="1617932.87" type="0"/>
    <Peak2D F1="50.8000" F2="1.0569" intensity="1639337.26" type="0"/>
    <Peak2D F1="50.8290" F2="1.3513" intensity="1683908.46" type="0"/>
    <Peak2D F1="32.3977" F2="2.0419" intensity="1685008.20" type="0"/>
    <Peak2D F1="140.0946" F2="1.7797" intensity="1696474.00" type="0"/>
    <Peak2D F1="31.5229" F2="1.3513" intensity="1749799.67" type="0"/>
    <Peak2D F1="28.9303" F2="1.3244" intensity="1786852.41" type="0"/>
    <Peak2D F1="30.2546" F2="1.0031" intensity="1868249.79" type="0"/>
    <Peak2D F1="50.9080" F2="1.3116" intensity="1944023.92" type="0"/>
    <Peak2D F1="143.3903" F2="1.7524" intensity="2020671.28" type="0"/>
    <Peak2D F1="141.7625" F2="2.0071" intensity="2043331.90" type="0"/>
    <Peak2D F1="143.3154" F2="1.7451" intensity="2055475.87" type="0"/>
    <Peak2D F1="31.8380" F2="1.3307" intensity="2081952.60" type="0"/>
    <Peak2D F1="72.8705" F2="1.3131" intensity="2142341.61" type="0"/>
    <Peak2D F1="51.0516" F2="1.8900" intensity="2240340.97" type="0"/>
    <Peak2D F1="22.9627" F2="1.7497" intensity="2243593.68" type="0"/>
    <Peak2D F1="204.2932" F2="2.5161" intensity="2274275.50" type="0"/>
    <Peak2D F1="50.8044" F2="2.1470" intensity="2302784.91" type="0"/>
    <Peak2D F1="50.8577" F2="1.3312" intensity="2314284.93" type="0"/>
    <Peak2D F1="204.2927" F2="2.5081" intensity="2340746.56" type="0"/>
    <Peak2D F1="32.6707" F2="2.5173" intensity="2438034.01" type="0"/>
    <Peak2D F1="49.5077" F2="1.0061" intensity="2455780.07" type="0"/>
    <Peak2D F1="50.7934" F2="1.9379" intensity="2618066.35" type="0"/>
    <Peak2D F1="112.8590" F2="1.7517" intensity="2620166.29" type="0"/>
    <Peak2D F1="33.9869" F2="1.0307" intensity="2815013.68" type="0"/>
    <Peak2D F1="32.8685" F2="2.4784" intensity="2870451.56" type="0"/>
    <Peak2D F1="131.8817" F2="1.7492" intensity="2903935.22" type="0"/>
    <Peak2D F1="52.3199" F2="1.0046" intensity="2905178.86" type="0"/>
    <Peak2D F1="21.7224" F2="2.0440" intensity="2977211.19" type="0"/>
    <Peak2D F1="141.9565" F2="1.7494" intensity="3011774.42" type="0"/>
    <Peak2D F1="51.0558" F2="2.0975" intensity="3021916.76" type="0"/>
    <Peak2D F1="204.4113" F2="2.4778" intensity="3102866.63" type="0"/>
    <Peak2D F1="204.3758" F2="1.9772" intensity="3256702.43" type="0"/>
    <Peak2D F1="22.8933" F2="1.9777" intensity="3525160.97" type="0"/>
    <Peak2D F1="22.0855" F2="1.7791" intensity="3575083.47" type="0"/>
    <Peak2D F1="204.4038" F2="1.7796" intensity="3601479.03" type="0"/>
    <Peak2D F1="23.9468" F2="1.7792" intensity="3674103.93" type="0"/>
    <Peak2D F1="50.0014" F2="1.0058" intensity="5861871.78" type="0"/>
    <Peak2D F1="51.7974" F2="1.0048" intensity="6102938.07" type="0"/>
    <Peak2D F1="204.3220" F2="2.0451" intensity="7026074.43" type="0"/>
    <Peak2D F1="204.5222" F2="1.9999" intensity="7370355.38" type="0"/>
    <Peak2D F1="31.6847" F2="1.9941" intensity="7944218.67" type="0"/>
    <Peak2D F1="31.5003" F2="2.0425" intensity="9949668.60" type="0"/>
    <Peak2D F1="23.0444" F2="1.8685" intensity="11172052.54" type="0"/>
    <Peak2D F1="23.0116" F2="2.0819" intensity="12828404.42" type="0"/>
    <Peak2D F1="21.8280" F2="0.8994" intensity="13775272.36" type="0"/>
    <Peak2D F1="22.1202" F2="1.8838" intensity="15585769.68" type="0"/>
    <Peak2D F1="21.8208" F2="1.1080" intensity="15757677.92" type="0"/>
    <Peak2D F1="22.1236" F2="1.6724" intensity="17339601.17" type="0"/>
    <Peak2D F1="22.1463" F2="1.9774" intensity="43764736.78" type="0"/>
    <Peak2D F1="32.9445" F2="1.0056" intensity="47972333.84" type="0"/>
    <Peak2D F1="131.9248" F2="1.9772" intensity="50022638.65" type="0"/>
    <Peak2D F1="23.0225" F2="1.7794" intensity="54160126.77" type="0"/>
    <Peak2D F1="31.6077" F2="1.0050" intensity="65162890.58" type="0"/>
    <Peak2D F1="141.7565" F2="1.9770" intensity="73798035.30" type="0"/>
    <Peak2D F1="131.9375" F2="1.7793" intensity="76307151.31" type="0"/>
    <Peak2D F1="50.9272" F2="1.0051" intensity="89873980.09" type="0"/>
    <Peak2D F1="141.7722" F2="1.7791" intensity="98914698.22" type="0"/>
  </PeakList2D>
</PeakList>
