<?xml version="1.0" encoding="UTF-8"?>
<PeakList modified="2017-01-25T11:14:12">
  <PeakList2D>
    <PeakList2DHeader creator="liermann@OCNMR99" date="2017-01-25T11:14:12" expNo="7" name="(+)-pulegon_89-82-7" owner="liermann" procNo="1" source="//ocnmr1.chemie.uni-mainz.de/admin/JGU-NMR/Lehre/chemikalienlager">
      <PeakPickDetails># F2 peak picking range ( ppm )
# 2 F1P=9.708252906799316, 2 F2P=-0.5019531825349777
# F1 peak picking range ( ppm )
# 1 F1P=9.708252906799316, 1 F2P=-0.5019531825349777
# MI=0.001 (= 65215.088375), MAXI=1.0 (= 6.5215088375E7)
# PEAK RESOL.=1, INTERPOL. TYPE=PARABOLIC, DIAG. GAP=9, MAX. # PEAKS=2147483647
</PeakPickDetails>
    </PeakList2DHeader>
    <Peak2D F1="9.2705" F2="1.9699" intensity="-66413.05" type="0"/>
    <Peak2D F1="7.0396" F2="1.0052" intensity="67539.17" type="0"/>
    <Peak2D F1="6.6777" F2="1.9697" intensity="-68258.18" type="0"/>
    <Peak2D F1="2.1554" F2="1.7813" intensity="70231.41" type="0"/>
    <Peak2D F1="2.7870" F2="1.7819" intensity="70450.17" type="0"/>
    <Peak2D F1="7.5881" F2="1.9705" intensity="71188.86" type="0"/>
    <Peak2D F1="1.5264" F2="1.7802" intensity="-73404.09" type="0"/>
    <Peak2D F1="1.4855" F2="1.7828" intensity="74800.21" type="0"/>
    <Peak2D F1="1.6473" F2="1.9812" intensity="-75642.97" type="0"/>
    <Peak2D F1="9.2202" F2="0.9950" intensity="76300.51" type="0"/>
    <Peak2D F1="4.5639" F2="1.9813" intensity="-77502.20" type="0"/>
    <Peak2D F1="5.3106" F2="1.0056" intensity="-77652.69" type="0"/>
    <Peak2D F1="6.3424" F2="1.7799" intensity="78006.08" type="0"/>
    <Peak2D F1="1.2814" F2="1.7704" intensity="-78863.36" type="0"/>
    <Peak2D F1="6.2141" F2="1.9825" intensity="-79506.37" type="0"/>
    <Peak2D F1="2.7170" F2="1.3266" intensity="-79666.86" type="0"/>
    <Peak2D F1="1.3329" F2="2.7278" intensity="-81761.72" type="0"/>
    <Peak2D F1="9.1765" F2="1.7714" intensity="82473.04" type="0"/>
    <Peak2D F1="8.2511" F2="1.9698" intensity="83640.07" type="0"/>
    <Peak2D F1="1.3326" F2="2.7074" intensity="-84145.12" type="0"/>
    <Peak2D F1="1.2653" F2="1.0104" intensity="-84270.18" type="0"/>
    <Peak2D F1="0.1991" F2="1.9697" intensity="85602.09" type="0"/>
    <Peak2D F1="1.2226" F2="1.0008" intensity="85776.60" type="0"/>
    <Peak2D F1="0.4731" F2="1.0123" intensity="85902.49" type="0"/>
    <Peak2D F1="-0.0437" F2="1.9695" intensity="-89146.20" type="0"/>
    <Peak2D F1="1.3270" F2="1.9996" intensity="-89378.66" type="0"/>
    <Peak2D F1="2.0005" F2="1.3232" intensity="-90846.72" type="0"/>
    <Peak2D F1="1.0056" F2="1.8791" intensity="-91272.88" type="0"/>
    <Peak2D F1="1.0052" F2="1.8629" intensity="-91949.34" type="0"/>
    <Peak2D F1="1.4477" F2="1.9823" intensity="91973.85" type="0"/>
    <Peak2D F1="2.2559" F2="1.8554" intensity="-92618.43" type="0"/>
    <Peak2D F1="2.7136" F2="1.8790" intensity="-94251.44" type="0"/>
    <Peak2D F1="2.2590" F2="1.8776" intensity="-94323.46" type="0"/>
    <Peak2D F1="4.0006" F2="1.9831" intensity="94398.79" type="0"/>
    <Peak2D F1="-0.4920" F2="1.7777" intensity="94411.55" type="0"/>
    <Peak2D F1="0.7899" F2="1.0044" intensity="94973.32" type="0"/>
    <Peak2D F1="2.7156" F2="1.8620" intensity="-95459.76" type="0"/>
    <Peak2D F1="3.7871" F2="1.7704" intensity="-97263.78" type="0"/>
    <Peak2D F1="1.0088" F2="2.4837" intensity="-99705.13" type="0"/>
    <Peak2D F1="7.5427" F2="1.7828" intensity="-100059.38" type="0"/>
    <Peak2D F1="1.4743" F2="1.8011" intensity="100567.62" type="0"/>
    <Peak2D F1="3.9972" F2="1.9693" intensity="-100615.50" type="0"/>
    <Peak2D F1="7.3972" F2="1.7805" intensity="102182.10" type="0"/>
    <Peak2D F1="1.0052" F2="1.3243" intensity="-104693.31" type="0"/>
    <Peak2D F1="1.8665" F2="2.2594" intensity="-106222.95" type="0"/>
    <Peak2D F1="2.6113" F2="2.7293" intensity="-107728.31" type="0"/>
    <Peak2D F1="1.0044" F2="1.3409" intensity="-108445.92" type="0"/>
    <Peak2D F1="1.5643" F2="1.7807" intensity="111973.36" type="0"/>
    <Peak2D F1="2.5980" F2="2.4865" intensity="-112735.21" type="0"/>
    <Peak2D F1="1.0054" F2="2.5088" intensity="-113746.34" type="0"/>
    <Peak2D F1="2.3934" F2="2.5073" intensity="-115060.76" type="0"/>
    <Peak2D F1="2.5023" F2="2.0379" intensity="-118664.34" type="0"/>
    <Peak2D F1="1.2440" F2="1.7835" intensity="120750.46" type="0"/>
    <Peak2D F1="2.4963" F2="1.0083" intensity="-123899.91" type="0"/>
    <Peak2D F1="5.0942" F2="1.0084" intensity="123901.93" type="0"/>
    <Peak2D F1="1.7687" F2="1.8782" intensity="-124755.00" type="0"/>
    <Peak2D F1="2.8184" F2="2.6997" intensity="-127440.65" type="0"/>
    <Peak2D F1="0.8296" F2="1.0059" intensity="-135512.40" type="0"/>
    <Peak2D F1="-0.4491" F2="1.7821" intensity="-144565.78" type="0"/>
    <Peak2D F1="1.3339" F2="1.0061" intensity="-144803.42" type="0"/>
    <Peak2D F1="1.7815" F2="2.7024" intensity="-152466.67" type="0"/>
    <Peak2D F1="1.7826" F2="2.7281" intensity="-152983.43" type="0"/>
    <Peak2D F1="1.0014" F2="2.0208" intensity="-155178.01" type="0"/>
    <Peak2D F1="2.1528" F2="1.9789" intensity="-156302.45" type="0"/>
    <Peak2D F1="1.8748" F2="1.0070" intensity="-163137.96" type="0"/>
    <Peak2D F1="1.1820" F2="1.0072" intensity="-170092.37" type="0"/>
    <Peak2D F1="1.9727" F2="1.8621" intensity="-170159.57" type="0"/>
    <Peak2D F1="4.0810" F2="1.7803" intensity="170936.73" type="0"/>
    <Peak2D F1="0.9972" F2="1.9714" intensity="-172846.11" type="0"/>
    <Peak2D F1="2.0236" F2="1.7814" intensity="-179211.99" type="0"/>
    <Peak2D F1="1.7333" F2="1.9800" intensity="-179244.62" type="0"/>
    <Peak2D F1="2.2624" F2="1.7794" intensity="-184818.15" type="0"/>
    <Peak2D F1="2.1917" F2="1.9796" intensity="192167.71" type="0"/>
    <Peak2D F1="2.7244" F2="2.2782" intensity="-197766.37" type="0"/>
    <Peak2D F1="1.6028" F2="1.7806" intensity="-215032.76" type="0"/>
    <Peak2D F1="5.0861" F2="1.7819" intensity="219032.15" type="0"/>
    <Peak2D F1="2.4941" F2="1.9708" intensity="-262327.36" type="0"/>
    <Peak2D F1="9.6746" F2="1.7809" intensity="-271650.58" type="0"/>
    <Peak2D F1="5.1790" F2="1.7810" intensity="-285355.35" type="0"/>
    <Peak2D F1="1.0029" F2="2.0002" intensity="-293440.49" type="0"/>
    <Peak2D F1="2.2437" F2="2.6992" intensity="-315706.15" type="0"/>
    <Peak2D F1="1.1419" F2="1.0061" intensity="334553.03" type="0"/>
    <Peak2D F1="0.8697" F2="1.0068" intensity="370653.55" type="0"/>
    <Peak2D F1="1.9957" F2="2.4888" intensity="-380469.43" type="0"/>
    <Peak2D F1="2.7173" F2="2.2321" intensity="-397211.13" type="0"/>
    <Peak2D F1="1.8747" F2="1.3399" intensity="-406607.36" type="0"/>
    <Peak2D F1="2.7219" F2="2.2505" intensity="-420842.47" type="0"/>
    <Peak2D F1="1.9975" F2="1.0034" intensity="-438358.53" type="0"/>
    <Peak2D F1="1.8431" F2="1.9799" intensity="447115.09" type="0"/>
    <Peak2D F1="1.7981" F2="1.9796" intensity="-456193.26" type="0"/>
    <Peak2D F1="1.8729" F2="1.3233" intensity="-479580.34" type="0"/>
    <Peak2D F1="2.5015" F2="2.0201" intensity="-483405.79" type="0"/>
    <Peak2D F1="1.9143" F2="1.7811" intensity="485871.84" type="0"/>
    <Peak2D F1="2.1124" F2="1.9798" intensity="510540.06" type="0"/>
    <Peak2D F1="1.9590" F2="1.7812" intensity="-522249.42" type="0"/>
    <Peak2D F1="2.7160" F2="1.7808" intensity="-548199.64" type="0"/>
    <Peak2D F1="2.2803" F2="1.9788" intensity="-554574.28" type="0"/>
    <Peak2D F1="1.3307" F2="1.8801" intensity="-595489.03" type="0"/>
    <Peak2D F1="1.6443" F2="1.7811" intensity="599985.26" type="0"/>
    <Peak2D F1="2.2520" F2="2.7297" intensity="-677613.79" type="0"/>
    <Peak2D F1="2.0762" F2="1.9789" intensity="-725900.10" type="0"/>
    <Peak2D F1="2.4968" F2="2.0009" intensity="-737914.46" type="0"/>
    <Peak2D F1="2.0087" F2="2.5083" intensity="-791994.81" type="0"/>
    <Peak2D F1="1.1018" F2="1.0061" intensity="-1027494.22" type="0"/>
    <Peak2D F1="5.1909" F2="1.0061" intensity="-1044526.07" type="0"/>
    <Peak2D F1="2.8683" F2="1.7810" intensity="-1317848.47" type="0"/>
    <Peak2D F1="1.8825" F2="1.9792" intensity="-1404889.07" type="0"/>
    <Peak2D F1="1.6857" F2="1.7808" intensity="-1619196.61" type="0"/>
  </PeakList2D>
</PeakList>
