<?xml version="1.0" encoding="UTF-8"?>
<PeakList modified="2017-01-25T10:54:44">
  <PeakList1D>
    <PeakList1DHeader creator="liermann" date="2017-01-25T10:54:43" expNo="2" name="(+)-pulegon_89-82-7" owner="" procNo="1" source="//ocnmr1.chemie.uni-mainz.de/admin/JGU-NMR/Lehre/chemikalienlager">
      <PeakPickDetails>F1=237.429306ppm, F2=-12.957894ppm, MI=1.59cm, MAXI=1000.00cm, PC=0.000
      </PeakPickDetails>
    </PeakList1DHeader>
    <Peak1D F1="204.3901" intensity="54.18" type="0"/>
    <Peak1D F1="141.8293" intensity="37.28" type="0"/>
    <Peak1D F1="131.8857" intensity="46.61" type="0"/>
    <Peak1D F1="77.2670" annotation="CDCl3" intensity="186.75" type="5"/>
    <Peak1D F1="77.0549" annotation="CDCl3" intensity="185.06" type="5"/>
    <Peak1D F1="76.8430" annotation="CDCl3" intensity="176.10" type="5"/>
    <Peak1D F1="50.8903" intensity="200.00" type="0"/>
    <Peak1D F1="32.8231" intensity="186.44" type="0"/>
    <Peak1D F1="31.6470" intensity="152.52" type="0"/>
    <Peak1D F1="28.6603" intensity="198.34" type="0"/>
    <Peak1D F1="23.0202" intensity="140.47" type="0"/>
    <Peak1D F1="22.1186" intensity="93.01" type="0"/>
    <Peak1D F1="21.7960" intensity="176.96" type="0"/>
  </PeakList1D>
</PeakList>
