<?xml version="1.0" encoding="UTF-8"?>
<PeakList>
  <PeakList1D>
    <PeakList1DHeader creator="nmrsu" date="2021-08-05T13:40:01.436+02:00" expNo="10" name="CS-Ese" owner="" procNo="1" source="/home/nmrsu/nmrdata/data/AG_X/nmr">
      <PeakPickDetails>F1=18.865650ppm, F2=-2.865657ppm, MI=0.10cm, MAXI=10000.00cm, PC=1.000
      </PeakPickDetails>
    </PeakList1DHeader>
    <Peak1D F1="7.282876" intensity="6.940396e-01" type="0"/>
    <Peak1D F1="6.816047" intensity="6.995646e-01" type="0"/>
    <Peak1D F1="6.811368" intensity="7.965429e-01" type="0"/>
    <Peak1D F1="6.799346" intensity="7.057791e-01" type="0"/>
    <Peak1D F1="6.794658" intensity="8.614008e-01" type="0"/>
    <Peak1D F1="6.769464" intensity="1.816006e+00" type="0"/>
    <Peak1D F1="6.764822" intensity="1.412310e+00" type="0"/>
    <Peak1D F1="6.348932" intensity="1.388135e+00" type="0"/>
    <Peak1D F1="6.332200" intensity="1.256063e+00" type="0"/>
    <Peak1D F1="5.065756" intensity="3.947674e-01" type="0"/>
    <Peak1D F1="5.058273" intensity="3.986185e-01" type="0"/>
    <Peak1D F1="4.112881" intensity="2.548930e+00" type="0"/>
    <Peak1D F1="2.923422" intensity="1.500000e+01" type="0"/>
    <Peak1D F1="2.866022" intensity="3.827125e+00" type="0"/>
    <Peak1D F1="2.856244" intensity="3.733752e+00" type="0"/>
    <Peak1D F1="2.743172" intensity="2.862567e-01" type="0"/>
    <Peak1D F1="2.734310" intensity="3.695928e-01" type="0"/>
    <Peak1D F1="2.730319" intensity="4.402069e-01" type="0"/>
    <Peak1D F1="2.724554" intensity="6.391880e-01" type="0"/>
    <Peak1D F1="2.715633" intensity="6.447785e-01" type="0"/>
    <Peak1D F1="2.712299" intensity="6.339650e-01" type="0"/>
    <Peak1D F1="2.703220" intensity="4.755130e-01" type="0"/>
    <Peak1D F1="2.679228" intensity="6.243323e-01" type="0"/>
    <Peak1D F1="2.666307" intensity="7.282637e-01" type="0"/>
    <Peak1D F1="2.662399" intensity="9.285373e-01" type="0"/>
    <Peak1D F1="2.649440" intensity="8.313512e-01" type="0"/>
    <Peak1D F1="2.644388" intensity="5.343029e-01" type="0"/>
    <Peak1D F1="2.631261" intensity="4.027437e-01" type="0"/>
    <Peak1D F1="2.550738" intensity="1.220739e+01" type="0"/>
    <Peak1D F1="2.032504" intensity="1.192574e-01" type="0"/>
    <Peak1D F1="1.992876" intensity="1.069411e-01" type="0"/>
    <Peak1D F1="1.983867" intensity="1.693071e-01" type="0"/>
    <Peak1D F1="1.979902" intensity="1.863830e-01" type="0"/>
    <Peak1D F1="1.968776" intensity="9.044386e-01" type="0"/>
    <Peak1D F1="1.963095" intensity="1.019131e+00" type="0"/>
    <Peak1D F1="1.959956" intensity="1.039896e+00" type="0"/>
    <Peak1D F1="1.955857" intensity="9.835257e-01" type="0"/>
    <Peak1D F1="1.950326" intensity="1.109447e+00" type="0"/>
    <Peak1D F1="1.947045" intensity="1.454146e+00" type="0"/>
    <Peak1D F1="1.938878" intensity="2.496153e-01" type="0"/>
    <Peak1D F1="1.933991" intensity="6.801949e-01" type="0"/>
    <Peak1D F1="1.926496" intensity="1.847999e-01" type="0"/>
    <Peak1D F1="1.922862" intensity="1.686304e-01" type="0"/>
    <Peak1D F1="1.909882" intensity="1.474453e-01" type="0"/>
    <Peak1D F1="1.431885" intensity="7.443670e+00" type="0"/>
  </PeakList1D>
</PeakList>
