<?xml version="1.0" encoding="UTF-8"?>
<PeakList>
  <PeakList1D>
    <PeakList1DHeader creator="nmrsu" date="2021-08-05T14:26:19.168+02:00" expNo="12" name="CS-Ese" owner="" procNo="1" source="/home/nmrsu/nmrdata/data/AG_X/nmr">
      <PeakPickDetails>F1=249.917999ppm, F2=-9.918566ppm, MI=0.00cm, MAXI=10000.00cm, PC=1.400
      </PeakPickDetails>
    </PeakList1DHeader>
    <Peak1D F1="120.352272" intensity="1.156923e-01" type="0"/>
    <Peak1D F1="116.094055" intensity="1.503128e-01" type="0"/>
    <Peak1D F1="106.388046" intensity="6.580497e-02" type="0"/>
    <Peak1D F1="53.332092" intensity="8.309849e-02" type="0"/>
    <Peak1D F1="53.298965" intensity="8.658881e-02" type="0"/>
    <Peak1D F1="53.268253" intensity="8.427408e-02" type="0"/>
    <Peak1D F1="53.252068" intensity="1.521515e-01" type="0"/>
    <Peak1D F1="53.235046" intensity="4.043570e-01" type="0"/>
    <Peak1D F1="53.198929" intensity="1.500000e+01" type="0"/>
    <Peak1D F1="53.167179" intensity="9.926513e-01" type="0"/>
    <Peak1D F1="53.150127" intensity="5.269019e-01" type="0"/>
    <Peak1D F1="53.134037" intensity="3.304857e-01" type="0"/>
    <Peak1D F1="53.118301" intensity="2.215964e-01" type="0"/>
    <Peak1D F1="53.102104" intensity="1.558562e-01" type="0"/>
    <Peak1D F1="53.085995" intensity="1.341689e-01" type="0"/>
    <Peak1D F1="53.054199" intensity="1.651255e-01" type="0"/>
    <Peak1D F1="40.812752" intensity="6.648968e+00" type="0"/>
    <Peak1D F1="40.666039" intensity="2.446801e-01" type="0"/>
    <Peak1D F1="38.749340" intensity="1.855619e-01" type="0"/>
    <Peak1D F1="38.459309" intensity="7.442104e-01" type="0"/>
    <Peak1D F1="37.067928" intensity="5.631800e-01" type="0"/>
    <Peak1D F1="37.054611" intensity="5.652300e-01" type="0"/>
    <Peak1D F1="27.749971" intensity="3.864592e-01" type="0"/>
  </PeakList1D>
</PeakList>
