<?xml version="1.0" encoding="UTF-8"?>
<PeakList>
  <PeakList1D>
    <PeakList1DHeader creator="nmrsu" date="2021-08-07T00:26:21.952+02:00" expNo="50" name="CS-Cur" owner="" procNo="1" source="/home/nmrsu/nmrdata/data/AG_X/nmr">
      <PeakPickDetails>F1=19.969290ppm, F2=-3.969290ppm, MI=0.00cm, MAXI=10000.00cm, PC=12.000
      </PeakPickDetails>
    </PeakList1DHeader>
    <Peak1D F1="7.284350" intensity="3.878448e+00" type="0"/>
    <Peak1D F1="7.092959" intensity="2.184378e+00" type="0"/>
    <Peak1D F1="7.053948" intensity="2.464525e+00" type="0"/>
    <Peak1D F1="6.498011" intensity="2.401336e+00" type="0"/>
    <Peak1D F1="6.459008" intensity="2.112155e+00" type="0"/>
    <Peak1D F1="5.975332" intensity="2.500483e+00" type="0"/>
    <Peak1D F1="5.969479" intensity="2.454835e+00" type="0"/>
    <Peak1D F1="5.927639" intensity="4.958795e+00" type="0"/>
    <Peak1D F1="5.786906" intensity="1.425980e+00" type="0"/>
    <Peak1D F1="4.420431" intensity="3.791183e-01" type="0"/>
    <Peak1D F1="4.402227" intensity="9.280411e-01" type="0"/>
    <Peak1D F1="4.383133" intensity="9.431984e-01" type="0"/>
    <Peak1D F1="4.365109" intensity="4.047517e-01" type="0"/>
    <Peak1D F1="4.288470" intensity="4.766729e+00" type="0"/>
    <Peak1D F1="3.753650" intensity="9.099216e-01" type="0"/>
    <Peak1D F1="3.524343" intensity="1.721104e+00" type="0"/>
    <Peak1D F1="3.256533" intensity="1.231924e+00" type="0"/>
    <Peak1D F1="3.220361" intensity="1.407654e+00" type="0"/>
    <Peak1D F1="2.757276" intensity="1.858837e+00" type="0"/>
    <Peak1D F1="2.721205" intensity="1.637329e+00" type="0"/>
    <Peak1D F1="2.510920" intensity="1.833332e+00" type="0"/>
    <Peak1D F1="2.493136" intensity="1.822177e+00" type="0"/>
    <Peak1D F1="2.435808" intensity="4.189254e-01" type="0"/>
    <Peak1D F1="2.414386" intensity="5.031063e-01" type="0"/>
    <Peak1D F1="2.386374" intensity="5.749427e-01" type="0"/>
    <Peak1D F1="2.365200" intensity="6.129676e-01" type="0"/>
    <Peak1D F1="2.192407" intensity="1.911152e-01" type="0"/>
    <Peak1D F1="2.061282" intensity="2.405459e+00" type="0"/>
    <Peak1D F1="2.029125" intensity="1.500000e+01" type="0"/>
    <Peak1D F1="1.935642" intensity="6.289113e-01" type="0"/>
    <Peak1D F1="1.902676" intensity="8.516768e-01" type="0"/>
    <Peak1D F1="1.879610" intensity="7.357626e-01" type="0"/>
    <Peak1D F1="1.790199" intensity="1.664454e+00" type="0"/>
    <Peak1D F1="1.773252" intensity="1.631002e+00" type="0"/>
    <Peak1D F1="1.649997" intensity="2.498817e+00" type="0"/>
    <Peak1D F1="1.587347" intensity="1.184141e+01" type="0"/>
    <Peak1D F1="1.558519" intensity="1.205653e+01" type="0"/>
    <Peak1D F1="1.504937" intensity="1.656339e+00" type="0"/>
    <Peak1D F1="1.470532" intensity="1.811063e+00" type="0"/>
    <Peak1D F1="1.456733" intensity="1.080086e+01" type="0"/>
    <Peak1D F1="1.404587" intensity="9.997338e+00" type="0"/>
    <Peak1D F1="1.375759" intensity="9.778097e+00" type="0"/>
    <Peak1D F1="1.267919" intensity="1.112961e+01" type="0"/>
    <Peak1D F1="1.049458" intensity="1.186096e+01" type="0"/>
    <Peak1D F1="1.013527" intensity="8.995332e+00" type="0"/>
  </PeakList1D>
</PeakList>
